"Nomenclature","ReporterISO3","ProductCode","ReporterName","PartnerISO3","PartnerName","Year","TradeFlowName","TradeFlowCode","TradeValue in 1000 USD","ProductDescription"
"S3","MEX","001","Mexico","WLD"," World",1993,"Export",6,450827.008,"Live animals except fish"
"S3","MEX","001","Mexico","WLD"," World",1993,"Import",5,143790,"Live animals except fish"
"S3","MEX","001","Mexico","WLD"," World",2007,"Export",6,480075.599,"Live animals except fish"
"S3","MEX","001","Mexico","WLD"," World",2007,"Import",5,190962.374,"Live animals except fish"
"S3","MEX","011","Mexico","WLD"," World",1993,"Export",6,3851,"Beef, fresh/chilld/frozn"
"S3","MEX","011","Mexico","WLD"," World",1993,"Import",5,229900.992,"Beef, fresh/chilld/frozn"
"S3","MEX","011","Mexico","WLD"," World",2007,"Export",6,148467.341,"Beef, fresh/chilld/frozn"
"S3","MEX","011","Mexico","WLD"," World",2007,"Import",5,1077080.161,"Beef, fresh/chilld/frozn"
"S3","MEX","012","Mexico","WLD"," World",1993,"Export",6,31746,"Meat nes,fresh/chld/froz"
"S3","MEX","012","Mexico","WLD"," World",1993,"Import",5,404868,"Meat nes,fresh/chld/froz"
"S3","MEX","012","Mexico","WLD"," World",2007,"Export",6,282858.603,"Meat nes,fresh/chld/froz"
"S3","MEX","012","Mexico","WLD"," World",2007,"Import",5,1596989.212,"Meat nes,fresh/chld/froz"
"S3","MEX","016","Mexico","WLD"," World",1993,"Export",6,977,"Meat/offal preserved"
"S3","MEX","016","Mexico","WLD"," World",1993,"Import",5,39447,"Meat/offal preserved"
"S3","MEX","016","Mexico","WLD"," World",2007,"Export",6,462.592,"Meat/offal preserved"
"S3","MEX","016","Mexico","WLD"," World",2007,"Import",5,64511.048,"Meat/offal preserved"
"S3","MEX","017","Mexico","WLD"," World",1993,"Export",6,1529,"Meat/offal presvd n.e.s"
"S3","MEX","017","Mexico","WLD"," World",1993,"Import",5,108839,"Meat/offal presvd n.e.s"
"S3","MEX","017","Mexico","WLD"," World",2007,"Export",6,70281.044,"Meat/offal presvd n.e.s"
"S3","MEX","017","Mexico","WLD"," World",2007,"Import",5,166042.32,"Meat/offal presvd n.e.s"
"S3","MEX","022","Mexico","WLD"," World",1993,"Export",6,8300,"Milk pr exc buttr/cheese"
"S3","MEX","022","Mexico","WLD"," World",1993,"Import",5,509008,"Milk pr exc buttr/cheese"
"S3","MEX","022","Mexico","WLD"," World",2007,"Export",6,58264.981,"Milk pr exc buttr/cheese"
"S3","MEX","022","Mexico","WLD"," World",2007,"Import",5,1175260.527,"Milk pr exc buttr/cheese"
"S3","MEX","023","Mexico","WLD"," World",1993,"Export",6,55,"Butter and cheese"
"S3","MEX","023","Mexico","WLD"," World",1993,"Import",5,69404,"Butter and cheese"
"S3","MEX","023","Mexico","WLD"," World",2007,"Export",6,3457.157,"Butter and cheese"
"S3","MEX","023","Mexico","WLD"," World",2007,"Import",5,157733.316,"Butter and cheese"
"S3","MEX","024","Mexico","WLD"," World",1993,"Export",6,67,"Cheese and curd"
"S3","MEX","024","Mexico","WLD"," World",1993,"Import",5,76046,"Cheese and curd"
"S3","MEX","024","Mexico","WLD"," World",2007,"Export",6,14125.68,"Cheese and curd"
"S3","MEX","024","Mexico","WLD"," World",2007,"Import",5,344659.848,"Cheese and curd"
"S3","MEX","025","Mexico","WLD"," World",1993,"Export",6,395,"Eggs, albumin"
"S3","MEX","025","Mexico","WLD"," World",1993,"Import",5,15613,"Eggs, albumin"
"S3","MEX","025","Mexico","WLD"," World",2007,"Export",6,4837.07,"Eggs, albumin"
"S3","MEX","025","Mexico","WLD"," World",2007,"Import",5,36385.137,"Eggs, albumin"
"S3","MEX","034","Mexico","WLD"," World",1993,"Export",6,33198,"Fish,live/frsh/chld/froz"
"S3","MEX","034","Mexico","WLD"," World",1993,"Import",5,13563,"Fish,live/frsh/chld/froz"
"S3","MEX","034","Mexico","WLD"," World",2007,"Export",6,169105.747,"Fish,live/frsh/chld/froz"
"S3","MEX","034","Mexico","WLD"," World",2007,"Import",5,277194.276,"Fish,live/frsh/chld/froz"
"S3","MEX","035","Mexico","WLD"," World",1993,"Export",6,4496,"Fish,dried/salted/smoked"
"S3","MEX","035","Mexico","WLD"," World",1993,"Import",5,11671,"Fish,dried/salted/smoked"
"S3","MEX","035","Mexico","WLD"," World",2007,"Export",6,14440.191,"Fish,dried/salted/smoked"
"S3","MEX","035","Mexico","WLD"," World",2007,"Import",5,23310.936,"Fish,dried/salted/smoked"
"S3","MEX","036","Mexico","WLD"," World",1993,"Export",6,325711.008,"Crustaceans molluscs etc"
"S3","MEX","036","Mexico","WLD"," World",1993,"Import",5,32952,"Crustaceans molluscs etc"
"S3","MEX","036","Mexico","WLD"," World",2007,"Export",6,509207.482,"Crustaceans molluscs etc"
"S3","MEX","036","Mexico","WLD"," World",2007,"Import",5,72244.087,"Crustaceans molluscs etc"
"S3","MEX","037","Mexico","WLD"," World",1993,"Export",6,44026,"Fish/shellfish,prep/pres"
"S3","MEX","037","Mexico","WLD"," World",1993,"Import",5,28901,"Fish/shellfish,prep/pres"
"S3","MEX","037","Mexico","WLD"," World",2007,"Export",6,61814.966,"Fish/shellfish,prep/pres"
"S3","MEX","037","Mexico","WLD"," World",2007,"Import",5,139812.274,"Fish/shellfish,prep/pres"
"S3","MEX","041","Mexico","WLD"," World",1993,"Import",5,232807.008,"Wheat/meslin"
"S3","MEX","041","Mexico","WLD"," World",2007,"Export",6,149299.167,"Wheat/meslin"
"S3","MEX","041","Mexico","WLD"," World",2007,"Import",5,856009.494,"Wheat/meslin"
"S3","MEX","042","Mexico","WLD"," World",1993,"Export",6,61,"Rice"
"S3","MEX","042","Mexico","WLD"," World",1993,"Import",5,72134,"Rice"
"S3","MEX","042","Mexico","WLD"," World",2007,"Export",6,4910.652,"Rice"
"S3","MEX","042","Mexico","WLD"," World",2007,"Import",5,247755.118,"Rice"
"S3","MEX","043","Mexico","WLD"," World",1993,"Import",5,13497,"Barley grain"
"S3","MEX","043","Mexico","WLD"," World",2007,"Export",6,0.018,"Barley grain"
"S3","MEX","043","Mexico","WLD"," World",2007,"Import",5,28803.486,"Barley grain"
"S3","MEX","044","Mexico","WLD"," World",1993,"Export",6,6221,"Maize except sweet corn."
"S3","MEX","044","Mexico","WLD"," World",1993,"Import",5,69727,"Maize except sweet corn."
"S3","MEX","044","Mexico","WLD"," World",2007,"Export",6,71325.905,"Maize except sweet corn."
"S3","MEX","044","Mexico","WLD"," World",2007,"Import",5,1554319.466,"Maize except sweet corn."
"S3","MEX","045","Mexico","WLD"," World",1993,"Export",6,24,"Cereal grains nes"
"S3","MEX","045","Mexico","WLD"," World",1993,"Import",5,399908,"Cereal grains nes"
"S3","MEX","045","Mexico","WLD"," World",2007,"Export",6,401.655,"Cereal grains nes"
"S3","MEX","045","Mexico","WLD"," World",2007,"Import",5,393734.024,"Cereal grains nes"
"S3","MEX","046","Mexico","WLD"," World",1993,"Export",6,381,"Flour/meal wheat/meslin"
"S3","MEX","046","Mexico","WLD"," World",1993,"Import",5,7358,"Flour/meal wheat/meslin"
"S3","MEX","046","Mexico","WLD"," World",2007,"Export",6,32065.129,"Flour/meal wheat/meslin"
"S3","MEX","046","Mexico","WLD"," World",2007,"Import",5,25471.735,"Flour/meal wheat/meslin"
"S3","MEX","047","Mexico","WLD"," World",1993,"Export",6,672,"Cereal meal/flour n.e.s"
"S3","MEX","047","Mexico","WLD"," World",1993,"Import",5,15314,"Cereal meal/flour n.e.s"
"S3","MEX","047","Mexico","WLD"," World",2007,"Export",6,28515.889,"Cereal meal/flour n.e.s"
"S3","MEX","047","Mexico","WLD"," World",2007,"Import",5,21168.362,"Cereal meal/flour n.e.s"
"S3","MEX","048","Mexico","WLD"," World",1993,"Export",6,57185,"Cereal etc flour/starch"
"S3","MEX","048","Mexico","WLD"," World",1993,"Import",5,206163.008,"Cereal etc flour/starch"
"S3","MEX","048","Mexico","WLD"," World",2007,"Export",6,565558.404,"Cereal etc flour/starch"
"S3","MEX","048","Mexico","WLD"," World",2007,"Import",5,984963.615,"Cereal etc flour/starch"
"S3","MEX","054","Mexico","WLD"," World",1993,"Export",6,1226760.96,"Vegetables,frsh/chld/frz"
"S3","MEX","054","Mexico","WLD"," World",1993,"Import",5,82765,"Vegetables,frsh/chld/frz"
"S3","MEX","054","Mexico","WLD"," World",2007,"Export",6,3553047.599,"Vegetables,frsh/chld/frz"
"S3","MEX","054","Mexico","WLD"," World",2007,"Import",5,311094.013,"Vegetables,frsh/chld/frz"
"S3","MEX","056","Mexico","WLD"," World",1993,"Export",6,98896,"Veg root/tuber prep/pres"
"S3","MEX","056","Mexico","WLD"," World",1993,"Import",5,62195,"Veg root/tuber prep/pres"
"S3","MEX","056","Mexico","WLD"," World",2007,"Export",6,282409.19,"Veg root/tuber prep/pres"
"S3","MEX","056","Mexico","WLD"," World",2007,"Import",5,308213.75,"Veg root/tuber prep/pres"
"S3","MEX","057","Mexico","WLD"," World",1993,"Export",6,415115.008,"Fruit/nuts, fresh/dried"
"S3","MEX","057","Mexico","WLD"," World",1993,"Import",5,207466,"Fruit/nuts, fresh/dried"
"S3","MEX","057","Mexico","WLD"," World",2007,"Export",6,1943621.061,"Fruit/nuts, fresh/dried"
"S3","MEX","057","Mexico","WLD"," World",2007,"Import",5,736702.744,"Fruit/nuts, fresh/dried"
"S3","MEX","058","Mexico","WLD"," World",1993,"Export",6,52568,"Fruit presvd/fruit preps"
"S3","MEX","058","Mexico","WLD"," World",1993,"Import",5,44253,"Fruit presvd/fruit preps"
"S3","MEX","058","Mexico","WLD"," World",2007,"Export",6,249778.571,"Fruit presvd/fruit preps"
"S3","MEX","058","Mexico","WLD"," World",2007,"Import",5,256317.563,"Fruit presvd/fruit preps"
"S3","MEX","059","Mexico","WLD"," World",1993,"Export",6,50533,"Fruit/veg juices"
"S3","MEX","059","Mexico","WLD"," World",1993,"Import",5,17847,"Fruit/veg juices"
"S3","MEX","059","Mexico","WLD"," World",2007,"Export",6,247290.114,"Fruit/veg juices"
"S3","MEX","059","Mexico","WLD"," World",2007,"Import",5,59447.667,"Fruit/veg juices"
"S3","MEX","061","Mexico","WLD"," World",1993,"Export",6,47670,"Sugar/mollasses/honey"
"S3","MEX","061","Mexico","WLD"," World",1993,"Import",5,47505,"Sugar/mollasses/honey"
"S3","MEX","061","Mexico","WLD"," World",2007,"Export",6,196556.154,"Sugar/mollasses/honey"
"S3","MEX","061","Mexico","WLD"," World",2007,"Import",5,450848.98,"Sugar/mollasses/honey"
"S3","MEX","062","Mexico","WLD"," World",1993,"Export",6,56282,"Sugar confectionery"
"S3","MEX","062","Mexico","WLD"," World",1993,"Import",5,61016,"Sugar confectionery"
"S3","MEX","062","Mexico","WLD"," World",2007,"Export",6,462755.833,"Sugar confectionery"
"S3","MEX","062","Mexico","WLD"," World",2007,"Import",5,90648.99,"Sugar confectionery"
"S3","MEX","071","Mexico","WLD"," World",1993,"Export",6,299710.016,"Coffee/coffee substitute"
"S3","MEX","071","Mexico","WLD"," World",1993,"Import",5,5677,"Coffee/coffee substitute"
"S3","MEX","071","Mexico","WLD"," World",2007,"Export",6,461226.745,"Coffee/coffee substitute"
"S3","MEX","071","Mexico","WLD"," World",2007,"Import",5,43377.233,"Coffee/coffee substitute"
"S3","MEX","072","Mexico","WLD"," World",1993,"Export",6,24450,"Cocoa"
"S3","MEX","072","Mexico","WLD"," World",1993,"Import",5,6656,"Cocoa"
"S3","MEX","072","Mexico","WLD"," World",2007,"Export",6,16573.064,"Cocoa"
"S3","MEX","072","Mexico","WLD"," World",2007,"Import",5,29014.147,"Cocoa"
"S3","MEX","073","Mexico","WLD"," World",1993,"Export",6,11271,"Chocolate/cocoa preps"
"S3","MEX","073","Mexico","WLD"," World",1993,"Import",5,72433,"Chocolate/cocoa preps"
"S3","MEX","073","Mexico","WLD"," World",2007,"Export",6,168982.909,"Chocolate/cocoa preps"
"S3","MEX","073","Mexico","WLD"," World",2007,"Import",5,297611.5,"Chocolate/cocoa preps"
"S3","MEX","074","Mexico","WLD"," World",1993,"Export",6,169,"Tea and mate"
"S3","MEX","074","Mexico","WLD"," World",1993,"Import",5,2663,"Tea and mate"
"S3","MEX","074","Mexico","WLD"," World",2007,"Export",6,19373.554,"Tea and mate"
"S3","MEX","074","Mexico","WLD"," World",2007,"Import",5,16664.277,"Tea and mate"
"S3","MEX","075","Mexico","WLD"," World",1993,"Export",6,10432,"Spices"
"S3","MEX","075","Mexico","WLD"," World",1993,"Import",5,34928,"Spices"
"S3","MEX","075","Mexico","WLD"," World",2007,"Export",6,31144.837,"Spices"
"S3","MEX","075","Mexico","WLD"," World",2007,"Import",5,116676.98,"Spices"
"S3","MEX","081","Mexico","WLD"," World",1993,"Export",6,5694,"Animal feed ex unml cer."
"S3","MEX","081","Mexico","WLD"," World",1993,"Import",5,257712,"Animal feed ex unml cer."
"S3","MEX","081","Mexico","WLD"," World",2007,"Export",6,101395.506,"Animal feed ex unml cer."
"S3","MEX","081","Mexico","WLD"," World",2007,"Import",5,936823.832,"Animal feed ex unml cer."
"S3","MEX","091","Mexico","WLD"," World",1993,"Export",6,387,"Margarine/shortening"
"S3","MEX","091","Mexico","WLD"," World",1993,"Import",5,14753,"Margarine/shortening"
"S3","MEX","091","Mexico","WLD"," World",2007,"Export",6,1300.044,"Margarine/shortening"
"S3","MEX","091","Mexico","WLD"," World",2007,"Import",5,53885.432,"Margarine/shortening"
"S3","MEX","098","Mexico","WLD"," World",1993,"Export",6,86332,"Edible products n.e.s."
"S3","MEX","098","Mexico","WLD"," World",1993,"Import",5,235572,"Edible products n.e.s."
"S3","MEX","098","Mexico","WLD"," World",2007,"Export",6,693068.904,"Edible products n.e.s."
"S3","MEX","098","Mexico","WLD"," World",2007,"Import",5,1222370.404,"Edible products n.e.s."
"S3","MEX","111","Mexico","WLD"," World",1993,"Export",6,21954,"Beverage non-alcohol nes"
"S3","MEX","111","Mexico","WLD"," World",1993,"Import",5,85175,"Beverage non-alcohol nes"
"S3","MEX","111","Mexico","WLD"," World",2007,"Export",6,307993.345,"Beverage non-alcohol nes"
"S3","MEX","111","Mexico","WLD"," World",2007,"Import",5,114075.096,"Beverage non-alcohol nes"
"S3","MEX","112","Mexico","WLD"," World",1993,"Export",6,275444,"Alcoholic beverages"
"S3","MEX","112","Mexico","WLD"," World",1993,"Import",5,180968.992,"Alcoholic beverages"
"S3","MEX","112","Mexico","WLD"," World",2007,"Export",6,2605568.238,"Alcoholic beverages"
"S3","MEX","112","Mexico","WLD"," World",2007,"Import",5,479721.085,"Alcoholic beverages"
"S3","MEX","121","Mexico","WLD"," World",1993,"Export",6,39762,"Tobacco, raw and wastes"
"S3","MEX","121","Mexico","WLD"," World",1993,"Import",5,39976,"Tobacco, raw and wastes"
"S3","MEX","121","Mexico","WLD"," World",2007,"Export",6,27817.587,"Tobacco, raw and wastes"
"S3","MEX","121","Mexico","WLD"," World",2007,"Import",5,144102.789,"Tobacco, raw and wastes"
"S3","MEX","122","Mexico","WLD"," World",1993,"Export",6,40212,"Tobacco, manufactured"
"S3","MEX","122","Mexico","WLD"," World",1993,"Import",5,799,"Tobacco, manufactured"
"S3","MEX","122","Mexico","WLD"," World",2007,"Export",6,304003.308,"Tobacco, manufactured"
"S3","MEX","122","Mexico","WLD"," World",2007,"Import",5,69334.933,"Tobacco, manufactured"
"S3","MEX","211","Mexico","WLD"," World",1993,"Export",6,17166,"Hide/skin (ex fur) raw"
"S3","MEX","211","Mexico","WLD"," World",1993,"Import",5,117768,"Hide/skin (ex fur) raw"
"S3","MEX","211","Mexico","WLD"," World",2007,"Export",6,43520.352,"Hide/skin (ex fur) raw"
"S3","MEX","211","Mexico","WLD"," World",2007,"Import",5,153284.08,"Hide/skin (ex fur) raw"
"S3","MEX","212","Mexico","WLD"," World",1993,"Export",6,97,"Furskins/pieces, raw"
"S3","MEX","212","Mexico","WLD"," World",1993,"Import",5,33,"Furskins/pieces, raw"
"S3","MEX","212","Mexico","WLD"," World",2007,"Export",6,80.429,"Furskins/pieces, raw"
"S3","MEX","212","Mexico","WLD"," World",2007,"Import",5,19.757,"Furskins/pieces, raw"
"S3","MEX","222","Mexico","WLD"," World",1993,"Export",6,21843,"Oil seeds etc - soft oil"
"S3","MEX","222","Mexico","WLD"," World",1993,"Import",5,707710.016,"Oil seeds etc - soft oil"
"S3","MEX","222","Mexico","WLD"," World",2007,"Export",6,17061.575,"Oil seeds etc - soft oil"
"S3","MEX","222","Mexico","WLD"," World",2007,"Import",5,1870818.522,"Oil seeds etc - soft oil"
"S3","MEX","223","Mexico","WLD"," World",1993,"Export",6,1830,"Oil seeds-not soft oil"
"S3","MEX","223","Mexico","WLD"," World",1993,"Import",5,8699,"Oil seeds-not soft oil"
"S3","MEX","223","Mexico","WLD"," World",2007,"Export",6,4968.687,"Oil seeds-not soft oil"
"S3","MEX","223","Mexico","WLD"," World",2007,"Import",5,162151.87,"Oil seeds-not soft oil"
"S3","MEX","231","Mexico","WLD"," World",1993,"Export",6,1771,"Natural rubber/latex/etc"
"S3","MEX","231","Mexico","WLD"," World",1993,"Import",5,60210,"Natural rubber/latex/etc"
"S3","MEX","231","Mexico","WLD"," World",2007,"Export",6,5921.015,"Natural rubber/latex/etc"
"S3","MEX","231","Mexico","WLD"," World",2007,"Import",5,162912.919,"Natural rubber/latex/etc"
"S3","MEX","232","Mexico","WLD"," World",1993,"Export",6,56791,"Rubber synth/waste/etc"
"S3","MEX","232","Mexico","WLD"," World",1993,"Import",5,81308,"Rubber synth/waste/etc"
"S3","MEX","232","Mexico","WLD"," World",2007,"Export",6,314996.741,"Rubber synth/waste/etc"
"S3","MEX","232","Mexico","WLD"," World",2007,"Import",5,235120.551,"Rubber synth/waste/etc"
"S3","MEX","244","Mexico","WLD"," World",1993,"Export",6,1,"Cork natural/raw/waste"
"S3","MEX","244","Mexico","WLD"," World",1993,"Import",5,1009,"Cork natural/raw/waste"
"S3","MEX","244","Mexico","WLD"," World",2007,"Export",6,0.028,"Cork natural/raw/waste"
"S3","MEX","244","Mexico","WLD"," World",2007,"Import",5,425.327,"Cork natural/raw/waste"
"S3","MEX","245","Mexico","WLD"," World",1993,"Export",6,2737,"Fuel wood/wood charcoal"
"S3","MEX","245","Mexico","WLD"," World",1993,"Import",5,446,"Fuel wood/wood charcoal"
"S3","MEX","245","Mexico","WLD"," World",2007,"Export",6,8902.712,"Fuel wood/wood charcoal"
"S3","MEX","245","Mexico","WLD"," World",2007,"Import",5,803.147,"Fuel wood/wood charcoal"
"S3","MEX","246","Mexico","WLD"," World",1993,"Export",6,21018,"Wood chips/waste"
"S3","MEX","246","Mexico","WLD"," World",1993,"Import",5,416,"Wood chips/waste"
"S3","MEX","246","Mexico","WLD"," World",2007,"Export",6,5351.323,"Wood chips/waste"
"S3","MEX","246","Mexico","WLD"," World",2007,"Import",5,1494.039,"Wood chips/waste"
"S3","MEX","247","Mexico","WLD"," World",1993,"Export",6,670,"Wood in rough/squared"
"S3","MEX","247","Mexico","WLD"," World",1993,"Import",5,16408,"Wood in rough/squared"
"S3","MEX","247","Mexico","WLD"," World",2007,"Export",6,933.498,"Wood in rough/squared"
"S3","MEX","247","Mexico","WLD"," World",2007,"Import",5,7223.484,"Wood in rough/squared"
"S3","MEX","248","Mexico","WLD"," World",1993,"Export",6,189600.992,"Wood simply worked"
"S3","MEX","248","Mexico","WLD"," World",1993,"Import",5,289361.984,"Wood simply worked"
"S3","MEX","248","Mexico","WLD"," World",2007,"Export",6,83047.455,"Wood simply worked"
"S3","MEX","248","Mexico","WLD"," World",2007,"Import",5,690204.071,"Wood simply worked"
"S3","MEX","251","Mexico","WLD"," World",1993,"Export",6,23583,"Pulp and waste paper"
"S3","MEX","251","Mexico","WLD"," World",1993,"Import",5,372371.008,"Pulp and waste paper"
"S3","MEX","251","Mexico","WLD"," World",2007,"Export",6,42082.365,"Pulp and waste paper"
"S3","MEX","251","Mexico","WLD"," World",2007,"Import",5,936687.866,"Pulp and waste paper"
"S3","MEX","261","Mexico","WLD"," World",1993,"Import",5,1,"Silk"
"S3","MEX","261","Mexico","WLD"," World",2007,"Import",5,72.245,"Silk"
"S3","MEX","263","Mexico","WLD"," World",1993,"Export",6,9991,"Cotton"
"S3","MEX","263","Mexico","WLD"," World",1993,"Import",5,226860.992,"Cotton"
"S3","MEX","263","Mexico","WLD"," World",2007,"Export",6,75603.299,"Cotton"
"S3","MEX","263","Mexico","WLD"," World",2007,"Import",5,469539.015,"Cotton"
"S3","MEX","264","Mexico","WLD"," World",1993,"Export",6,29,"Jute/bast fibre raw/retd"
"S3","MEX","264","Mexico","WLD"," World",1993,"Import",5,105,"Jute/bast fibre raw/retd"
"S3","MEX","264","Mexico","WLD"," World",2007,"Export",6,1.672,"Jute/bast fibre raw/retd"
"S3","MEX","264","Mexico","WLD"," World",2007,"Import",5,60.504,"Jute/bast fibre raw/retd"
"S3","MEX","265","Mexico","WLD"," World",1993,"Export",6,854,"Veg text fibre ex cot/ju"
"S3","MEX","265","Mexico","WLD"," World",1993,"Import",5,1610,"Veg text fibre ex cot/ju"
"S3","MEX","265","Mexico","WLD"," World",2007,"Export",6,75.893,"Veg text fibre ex cot/ju"
"S3","MEX","265","Mexico","WLD"," World",2007,"Import",5,1932.133,"Veg text fibre ex cot/ju"
"S3","MEX","266","Mexico","WLD"," World",1993,"Export",6,112387,"Synthetic spinning fibre"
"S3","MEX","266","Mexico","WLD"," World",1993,"Import",5,51238,"Synthetic spinning fibre"
"S3","MEX","266","Mexico","WLD"," World",2007,"Export",6,39113.279,"Synthetic spinning fibre"
"S3","MEX","266","Mexico","WLD"," World",2007,"Import",5,256990.69,"Synthetic spinning fibre"
"S3","MEX","267","Mexico","WLD"," World",1993,"Export",6,34281,"Man-made fibres nes/wast"
"S3","MEX","267","Mexico","WLD"," World",1993,"Import",5,19463,"Man-made fibres nes/wast"
"S3","MEX","267","Mexico","WLD"," World",2007,"Export",6,71594.317,"Man-made fibres nes/wast"
"S3","MEX","267","Mexico","WLD"," World",2007,"Import",5,41060.399,"Man-made fibres nes/wast"
"S3","MEX","268","Mexico","WLD"," World",1993,"Export",6,1575,"Wool/animal hair"
"S3","MEX","268","Mexico","WLD"," World",1993,"Import",5,22116,"Wool/animal hair"
"S3","MEX","268","Mexico","WLD"," World",2007,"Export",6,2409.394,"Wool/animal hair"
"S3","MEX","268","Mexico","WLD"," World",2007,"Import",5,62140.947,"Wool/animal hair"
"S3","MEX","269","Mexico","WLD"," World",1993,"Export",6,71658,"Worn clothing etc"
"S3","MEX","269","Mexico","WLD"," World",1993,"Import",5,32322,"Worn clothing etc"
"S3","MEX","269","Mexico","WLD"," World",2007,"Export",6,35113.636,"Worn clothing etc"
"S3","MEX","269","Mexico","WLD"," World",2007,"Import",5,8524.057,"Worn clothing etc"
"S3","MEX","272","Mexico","WLD"," World",1993,"Export",6,237,"Fertilizers crude"
"S3","MEX","272","Mexico","WLD"," World",1993,"Import",5,22044,"Fertilizers crude"
"S3","MEX","272","Mexico","WLD"," World",2007,"Export",6,7443.168,"Fertilizers crude"
"S3","MEX","272","Mexico","WLD"," World",2007,"Import",5,64581.087,"Fertilizers crude"
"S3","MEX","273","Mexico","WLD"," World",1993,"Export",6,40906,"Stone/sand/gravel"
"S3","MEX","273","Mexico","WLD"," World",1993,"Import",5,18300,"Stone/sand/gravel"
"S3","MEX","273","Mexico","WLD"," World",2007,"Export",6,85721.815,"Stone/sand/gravel"
"S3","MEX","273","Mexico","WLD"," World",2007,"Import",5,55098.266,"Stone/sand/gravel"
"S3","MEX","274","Mexico","WLD"," World",1993,"Export",6,27343,"Sulphur/unroastd pyrites"
"S3","MEX","274","Mexico","WLD"," World",1993,"Import",5,7377,"Sulphur/unroastd pyrites"
"S3","MEX","274","Mexico","WLD"," World",2007,"Export",6,15298.193,"Sulphur/unroastd pyrites"
"S3","MEX","274","Mexico","WLD"," World",2007,"Import",5,20046.897,"Sulphur/unroastd pyrites"
"S3","MEX","277","Mexico","WLD"," World",1993,"Export",6,533,"Natural abrasives n.e.s."
"S3","MEX","277","Mexico","WLD"," World",1993,"Import",5,2621,"Natural abrasives n.e.s."
"S3","MEX","277","Mexico","WLD"," World",2007,"Export",6,404.275,"Natural abrasives n.e.s."
"S3","MEX","277","Mexico","WLD"," World",2007,"Import",5,4015.559,"Natural abrasives n.e.s."
"S3","MEX","278","Mexico","WLD"," World",1993,"Export",6,123186,"Other crude minerals"
"S3","MEX","278","Mexico","WLD"," World",1993,"Import",5,119801,"Other crude minerals"
"S3","MEX","278","Mexico","WLD"," World",2007,"Export",6,252064.076,"Other crude minerals"
"S3","MEX","278","Mexico","WLD"," World",2007,"Import",5,236850.76,"Other crude minerals"
"S3","MEX","281","Mexico","WLD"," World",1993,"Export",6,708,"Iron ore/concentrates"
"S3","MEX","281","Mexico","WLD"," World",1993,"Import",5,697,"Iron ore/concentrates"
"S3","MEX","281","Mexico","WLD"," World",2007,"Export",6,79841.827,"Iron ore/concentrates"
"S3","MEX","281","Mexico","WLD"," World",2007,"Import",5,214721.729,"Iron ore/concentrates"
"S3","MEX","282","Mexico","WLD"," World",1993,"Export",6,48339,"Ferrous waste/scrap"
"S3","MEX","282","Mexico","WLD"," World",1993,"Import",5,103285,"Ferrous waste/scrap"
"S3","MEX","282","Mexico","WLD"," World",2007,"Export",6,393829.779,"Ferrous waste/scrap"
"S3","MEX","282","Mexico","WLD"," World",2007,"Import",5,368502.435,"Ferrous waste/scrap"
"S3","MEX","283","Mexico","WLD"," World",1993,"Export",6,18035,"Copper ores/concentrates"
"S3","MEX","283","Mexico","WLD"," World",1993,"Import",5,33123,"Copper ores/concentrates"
"S3","MEX","283","Mexico","WLD"," World",2007,"Export",6,270296.888,"Copper ores/concentrates"
"S3","MEX","283","Mexico","WLD"," World",2007,"Import",5,329.303,"Copper ores/concentrates"
"S3","MEX","284","Mexico","WLD"," World",1993,"Import",5,97,"Nickel ores/concs/etc"
"S3","MEX","284","Mexico","WLD"," World",2007,"Export",6,294.188,"Nickel ores/concs/etc"
"S3","MEX","284","Mexico","WLD"," World",2007,"Import",5,872.928,"Nickel ores/concs/etc"
"S3","MEX","285","Mexico","WLD"," World",1993,"Export",6,746,"Aluminium ores/concs/etc"
"S3","MEX","285","Mexico","WLD"," World",1993,"Import",5,17946,"Aluminium ores/concs/etc"
"S3","MEX","285","Mexico","WLD"," World",2007,"Export",6,324.66,"Aluminium ores/concs/etc"
"S3","MEX","285","Mexico","WLD"," World",2007,"Import",5,34053.835,"Aluminium ores/concs/etc"
"S3","MEX","286","Mexico","WLD"," World",1993,"Import",5,1,"Uranium/thorium ore/conc"
"S3","MEX","287","Mexico","WLD"," World",1993,"Export",6,74374,"Base metal ore/conc nes"
"S3","MEX","287","Mexico","WLD"," World",1993,"Import",5,40008,"Base metal ore/conc nes"
"S3","MEX","287","Mexico","WLD"," World",2007,"Export",6,974388.465,"Base metal ore/conc nes"
"S3","MEX","287","Mexico","WLD"," World",2007,"Import",5,463991.233,"Base metal ore/conc nes"
"S3","MEX","288","Mexico","WLD"," World",1993,"Export",6,113065,"Nf base metal waste nes"
"S3","MEX","288","Mexico","WLD"," World",1993,"Import",5,23304,"Nf base metal waste nes"
"S3","MEX","288","Mexico","WLD"," World",2007,"Export",6,965127.709,"Nf base metal waste nes"
"S3","MEX","288","Mexico","WLD"," World",2007,"Import",5,664650.037,"Nf base metal waste nes"
"S3","MEX","289","Mexico","WLD"," World",1993,"Export",6,2355,"Precious metal ore/conc."
"S3","MEX","289","Mexico","WLD"," World",1993,"Import",5,1,"Precious metal ore/conc."
"S3","MEX","289","Mexico","WLD"," World",2007,"Export",6,50898.677,"Precious metal ore/conc."
"S3","MEX","289","Mexico","WLD"," World",2007,"Import",5,215157.058,"Precious metal ore/conc."
"S3","MEX","291","Mexico","WLD"," World",1993,"Export",6,14882,"Crude animal mterial nes"
"S3","MEX","291","Mexico","WLD"," World",1993,"Import",5,49706,"Crude animal mterial nes"
"S3","MEX","291","Mexico","WLD"," World",2007,"Export",6,16705.609,"Crude animal mterial nes"
"S3","MEX","291","Mexico","WLD"," World",2007,"Import",5,162466.919,"Crude animal mterial nes"
"S3","MEX","292","Mexico","WLD"," World",1993,"Export",6,89436,"Crude veg materials nes"
"S3","MEX","292","Mexico","WLD"," World",1993,"Import",5,174728,"Crude veg materials nes"
"S3","MEX","292","Mexico","WLD"," World",2007,"Export",6,218319.038,"Crude veg materials nes"
"S3","MEX","292","Mexico","WLD"," World",2007,"Import",5,466441.463,"Crude veg materials nes"
"S3","MEX","321","Mexico","WLD"," World",1993,"Export",6,88,"Coal non-agglomerated"
"S3","MEX","321","Mexico","WLD"," World",1993,"Import",5,4925,"Coal non-agglomerated"
"S3","MEX","321","Mexico","WLD"," World",2007,"Export",6,2560.849,"Coal non-agglomerated"
"S3","MEX","321","Mexico","WLD"," World",2007,"Import",5,403015.007,"Coal non-agglomerated"
"S3","MEX","322","Mexico","WLD"," World",1993,"Export",6,196,"Briquettes/lignite/peat"
"S3","MEX","322","Mexico","WLD"," World",1993,"Import",5,961,"Briquettes/lignite/peat"
"S3","MEX","322","Mexico","WLD"," World",2007,"Export",6,65.619,"Briquettes/lignite/peat"
"S3","MEX","322","Mexico","WLD"," World",2007,"Import",5,11005.09,"Briquettes/lignite/peat"
"S3","MEX","325","Mexico","WLD"," World",1993,"Export",6,39,"Coke/semi-coke/retort c"
"S3","MEX","325","Mexico","WLD"," World",1993,"Import",5,54773,"Coke/semi-coke/retort c"
"S3","MEX","325","Mexico","WLD"," World",2007,"Export",6,1458.327,"Coke/semi-coke/retort c"
"S3","MEX","325","Mexico","WLD"," World",2007,"Import",5,67876.436,"Coke/semi-coke/retort c"
"S3","MEX","333","Mexico","WLD"," World",1993,"Export",6,6485314.048,"Petrol./bitum. oil,crude"
"S3","MEX","333","Mexico","WLD"," World",1993,"Import",5,2,"Petrol./bitum. oil,crude"
"S3","MEX","333","Mexico","WLD"," World",2007,"Export",6,37937176.935,"Petrol./bitum. oil,crude"
"S3","MEX","333","Mexico","WLD"," World",2007,"Import",5,22.037,"Petrol./bitum. oil,crude"
"S3","MEX","334","Mexico","WLD"," World",1993,"Export",6,603505.984,"Heavy petrol/bitum oils"
"S3","MEX","334","Mexico","WLD"," World",1993,"Import",5,1061950.016,"Heavy petrol/bitum oils"
"S3","MEX","334","Mexico","WLD"," World",2007,"Export",6,4028797.426,"Heavy petrol/bitum oils"
"S3","MEX","334","Mexico","WLD"," World",2007,"Import",5,13886076.06,"Heavy petrol/bitum oils"
"S3","MEX","335","Mexico","WLD"," World",1993,"Export",6,8923,"Residual petrol. prods"
"S3","MEX","335","Mexico","WLD"," World",1993,"Import",5,92136,"Residual petrol. prods"
"S3","MEX","335","Mexico","WLD"," World",2007,"Export",6,10351.526,"Residual petrol. prods"
"S3","MEX","335","Mexico","WLD"," World",2007,"Import",5,600359.937,"Residual petrol. prods"
"S3","MEX","342","Mexico","WLD"," World",1993,"Export",6,46565,"Liquid propane/butane"
"S3","MEX","342","Mexico","WLD"," World",1993,"Import",5,46512,"Liquid propane/butane"
"S3","MEX","342","Mexico","WLD"," World",2007,"Export",6,17266.488,"Liquid propane/butane"
"S3","MEX","342","Mexico","WLD"," World",2007,"Import",5,708049.94,"Liquid propane/butane"
"S3","MEX","343","Mexico","WLD"," World",1993,"Import",5,90370,"Natural gas"
"S3","MEX","343","Mexico","WLD"," World",2007,"Export",6,338980.204,"Natural gas"
"S3","MEX","343","Mexico","WLD"," World",2007,"Import",5,2749684.017,"Natural gas"
"S3","MEX","344","Mexico","WLD"," World",1993,"Export",6,52655,"Petrol./hydrocarbon gas"
"S3","MEX","344","Mexico","WLD"," World",1993,"Import",5,167118,"Petrol./hydrocarbon gas"
"S3","MEX","344","Mexico","WLD"," World",2007,"Export",6,3273.909,"Petrol./hydrocarbon gas"
"S3","MEX","344","Mexico","WLD"," World",2007,"Import",5,944288.506,"Petrol./hydrocarbon gas"
"S3","MEX","345","Mexico","WLD"," World",1993,"Import",5,6,"Coal gas/water gas/etc"
"S3","MEX","345","Mexico","WLD"," World",2007,"Import",5,5.104,"Coal gas/water gas/etc"
"S3","MEX","351","Mexico","WLD"," World",1993,"Export",6,84908,"Electric current"
"S3","MEX","351","Mexico","WLD"," World",1993,"Import",5,46960,"Electric current"
"S3","MEX","351","Mexico","WLD"," World",2007,"Export",6,257397.384,"Electric current"
"S3","MEX","351","Mexico","WLD"," World",2007,"Import",5,27913.231,"Electric current"
"S3","MEX","411","Mexico","WLD"," World",1993,"Export",6,1593,"Animal oil/fat"
"S3","MEX","411","Mexico","WLD"," World",1993,"Import",5,112169,"Animal oil/fat"
"S3","MEX","411","Mexico","WLD"," World",2007,"Export",6,5998.674,"Animal oil/fat"
"S3","MEX","411","Mexico","WLD"," World",2007,"Import",5,358190.954,"Animal oil/fat"
"S3","MEX","421","Mexico","WLD"," World",1993,"Export",6,26854,"Fixed veg oil/fat, soft"
"S3","MEX","421","Mexico","WLD"," World",1993,"Import",5,215412,"Fixed veg oil/fat, soft"
"S3","MEX","421","Mexico","WLD"," World",2007,"Export",6,74886.506,"Fixed veg oil/fat, soft"
"S3","MEX","421","Mexico","WLD"," World",2007,"Import",5,301473.701,"Fixed veg oil/fat, soft"
"S3","MEX","422","Mexico","WLD"," World",1993,"Export",6,2913,"Fixed veg oils not soft"
"S3","MEX","422","Mexico","WLD"," World",1993,"Import",5,60518,"Fixed veg oils not soft"
"S3","MEX","422","Mexico","WLD"," World",2007,"Export",6,12567.079,"Fixed veg oils not soft"
"S3","MEX","422","Mexico","WLD"," World",2007,"Import",5,280545.934,"Fixed veg oils not soft"
"S3","MEX","431","Mexico","WLD"," World",1993,"Export",6,5087,"Animal/veg oils procesd"
"S3","MEX","431","Mexico","WLD"," World",1993,"Import",5,42902,"Animal/veg oils procesd"
"S3","MEX","431","Mexico","WLD"," World",2007,"Export",6,21643.666,"Animal/veg oils procesd"
"S3","MEX","431","Mexico","WLD"," World",2007,"Import",5,137048.026,"Animal/veg oils procesd"
"S3","MEX","511","Mexico","WLD"," World",1993,"Export",6,241078,"Hydrocarbons/derivatives"
"S3","MEX","511","Mexico","WLD"," World",1993,"Import",5,302072.992,"Hydrocarbons/derivatives"
"S3","MEX","511","Mexico","WLD"," World",2007,"Export",6,244616.345,"Hydrocarbons/derivatives"
"S3","MEX","511","Mexico","WLD"," World",2007,"Import",5,2446583.595,"Hydrocarbons/derivatives"
"S3","MEX","512","Mexico","WLD"," World",1993,"Export",6,80352,"Alcohols/phenols/derivs"
"S3","MEX","512","Mexico","WLD"," World",1993,"Import",5,106707,"Alcohols/phenols/derivs"
"S3","MEX","512","Mexico","WLD"," World",2007,"Export",6,87190.985,"Alcohols/phenols/derivs"
"S3","MEX","512","Mexico","WLD"," World",2007,"Import",5,754740.458,"Alcohols/phenols/derivs"
"S3","MEX","513","Mexico","WLD"," World",1993,"Export",6,352036.992,"Carboxylic acid compound"
"S3","MEX","513","Mexico","WLD"," World",1993,"Import",5,191700.992,"Carboxylic acid compound"
"S3","MEX","513","Mexico","WLD"," World",2007,"Export",6,885105.852,"Carboxylic acid compound"
"S3","MEX","513","Mexico","WLD"," World",2007,"Import",5,898710.075,"Carboxylic acid compound"
"S3","MEX","514","Mexico","WLD"," World",1993,"Export",6,52846,"Nitrogen function compds"
"S3","MEX","514","Mexico","WLD"," World",1993,"Import",5,247835.008,"Nitrogen function compds"
"S3","MEX","514","Mexico","WLD"," World",2007,"Export",6,151560.274,"Nitrogen function compds"
"S3","MEX","514","Mexico","WLD"," World",2007,"Import",5,720145.769,"Nitrogen function compds"
"S3","MEX","515","Mexico","WLD"," World",1993,"Export",6,59889,"Organo-inorganic compnds"
"S3","MEX","515","Mexico","WLD"," World",1993,"Import",5,426539.008,"Organo-inorganic compnds"
"S3","MEX","515","Mexico","WLD"," World",2007,"Export",6,273626.877,"Organo-inorganic compnds"
"S3","MEX","515","Mexico","WLD"," World",2007,"Import",5,996225.4,"Organo-inorganic compnds"
"S3","MEX","516","Mexico","WLD"," World",1993,"Export",6,30749,"Other organic compounds"
"S3","MEX","516","Mexico","WLD"," World",1993,"Import",5,228171.008,"Other organic compounds"
"S3","MEX","516","Mexico","WLD"," World",2007,"Export",6,100349.516,"Other organic compounds"
"S3","MEX","516","Mexico","WLD"," World",2007,"Import",5,873773.507,"Other organic compounds"
"S3","MEX","522","Mexico","WLD"," World",1993,"Export",6,185850,"Elements/oxides/hal salt"
"S3","MEX","522","Mexico","WLD"," World",1993,"Import",5,176226,"Elements/oxides/hal salt"
"S3","MEX","522","Mexico","WLD"," World",2007,"Export",6,444802.197,"Elements/oxides/hal salt"
"S3","MEX","522","Mexico","WLD"," World",2007,"Import",5,473277.324,"Elements/oxides/hal salt"
"S3","MEX","523","Mexico","WLD"," World",1993,"Export",6,130803,"Metal salts of inorg acd"
"S3","MEX","523","Mexico","WLD"," World",1993,"Import",5,155410,"Metal salts of inorg acd"
"S3","MEX","523","Mexico","WLD"," World",2007,"Export",6,305355.631,"Metal salts of inorg acd"
"S3","MEX","523","Mexico","WLD"," World",2007,"Import",5,376554.708,"Metal salts of inorg acd"
"S3","MEX","524","Mexico","WLD"," World",1993,"Export",6,4253,"Other inorganic chemical"
"S3","MEX","524","Mexico","WLD"," World",1993,"Import",5,28417,"Other inorganic chemical"
"S3","MEX","524","Mexico","WLD"," World",2007,"Export",6,14090.369,"Other inorganic chemical"
"S3","MEX","524","Mexico","WLD"," World",2007,"Import",5,353751.874,"Other inorganic chemical"
"S3","MEX","525","Mexico","WLD"," World",1993,"Export",6,85,"Radio-active etc matrial"
"S3","MEX","525","Mexico","WLD"," World",1993,"Import",5,36454,"Radio-active etc matrial"
"S3","MEX","525","Mexico","WLD"," World",2007,"Export",6,377.494,"Radio-active etc matrial"
"S3","MEX","525","Mexico","WLD"," World",2007,"Import",5,14829.683,"Radio-active etc matrial"
"S3","MEX","531","Mexico","WLD"," World",1993,"Export",6,24895,"Synth org colour agents"
"S3","MEX","531","Mexico","WLD"," World",1993,"Import",5,121172,"Synth org colour agents"
"S3","MEX","531","Mexico","WLD"," World",2007,"Export",6,103666.323,"Synth org colour agents"
"S3","MEX","531","Mexico","WLD"," World",2007,"Import",5,251715.265,"Synth org colour agents"
"S3","MEX","532","Mexico","WLD"," World",1993,"Export",6,21919,"Dyeing/tanning extracts"
"S3","MEX","532","Mexico","WLD"," World",1993,"Import",5,18303,"Dyeing/tanning extracts"
"S3","MEX","532","Mexico","WLD"," World",2007,"Export",6,16349.919,"Dyeing/tanning extracts"
"S3","MEX","532","Mexico","WLD"," World",2007,"Import",5,72718.5,"Dyeing/tanning extracts"
"S3","MEX","533","Mexico","WLD"," World",1993,"Export",6,100567,"Pigments/paints/varnish"
"S3","MEX","533","Mexico","WLD"," World",1993,"Import",5,238122,"Pigments/paints/varnish"
"S3","MEX","533","Mexico","WLD"," World",2007,"Export",6,499927.697,"Pigments/paints/varnish"
"S3","MEX","533","Mexico","WLD"," World",2007,"Import",5,1121326.255,"Pigments/paints/varnish"
"S3","MEX","541","Mexico","WLD"," World",1993,"Export",6,169715.008,"Pharmaceut exc medicamnt"
"S3","MEX","541","Mexico","WLD"," World",1993,"Import",5,349648,"Pharmaceut exc medicamnt"
"S3","MEX","541","Mexico","WLD"," World",2007,"Export",6,407283.436,"Pharmaceut exc medicamnt"
"S3","MEX","541","Mexico","WLD"," World",2007,"Import",5,1375271.269,"Pharmaceut exc medicamnt"
"S3","MEX","542","Mexico","WLD"," World",1993,"Export",6,65978,"Medicaments include vet"
"S3","MEX","542","Mexico","WLD"," World",1993,"Import",5,184255.008,"Medicaments include vet"
"S3","MEX","542","Mexico","WLD"," World",2007,"Export",6,1068807.366,"Medicaments include vet"
"S3","MEX","542","Mexico","WLD"," World",2007,"Import",5,2473419.849,"Medicaments include vet"
"S3","MEX","551","Mexico","WLD"," World",1993,"Export",6,28397,"Essent.oil/perfume/flavr"
"S3","MEX","551","Mexico","WLD"," World",1993,"Import",5,63849,"Essent.oil/perfume/flavr"
"S3","MEX","551","Mexico","WLD"," World",2007,"Export",6,165848.144,"Essent.oil/perfume/flavr"
"S3","MEX","551","Mexico","WLD"," World",2007,"Import",5,684826.283,"Essent.oil/perfume/flavr"
"S3","MEX","553","Mexico","WLD"," World",1993,"Export",6,42294,"Perfume/toilet/cosmetics"
"S3","MEX","553","Mexico","WLD"," World",1993,"Import",5,227072,"Perfume/toilet/cosmetics"
"S3","MEX","553","Mexico","WLD"," World",2007,"Export",6,1087161.17,"Perfume/toilet/cosmetics"
"S3","MEX","553","Mexico","WLD"," World",2007,"Import",5,789382.599,"Perfume/toilet/cosmetics"
"S3","MEX","554","Mexico","WLD"," World",1993,"Export",6,81259,"Soaps/cleansers/polishes"
"S3","MEX","554","Mexico","WLD"," World",1993,"Import",5,118798,"Soaps/cleansers/polishes"
"S3","MEX","554","Mexico","WLD"," World",2007,"Export",6,510397.726,"Soaps/cleansers/polishes"
"S3","MEX","554","Mexico","WLD"," World",2007,"Import",5,382100.226,"Soaps/cleansers/polishes"
"S3","MEX","562","Mexico","WLD"," World",1993,"Export",6,51949,"Manufactured fertilizers"
"S3","MEX","562","Mexico","WLD"," World",1993,"Import",5,164528.992,"Manufactured fertilizers"
"S3","MEX","562","Mexico","WLD"," World",2007,"Export",6,106884.498,"Manufactured fertilizers"
"S3","MEX","562","Mexico","WLD"," World",2007,"Import",5,1120410.809,"Manufactured fertilizers"
"S3","MEX","571","Mexico","WLD"," World",1993,"Export",6,28066,"Primary ethylene polymer"
"S3","MEX","571","Mexico","WLD"," World",1993,"Import",5,247784.992,"Primary ethylene polymer"
"S3","MEX","571","Mexico","WLD"," World",2007,"Export",6,156356.44,"Primary ethylene polymer"
"S3","MEX","571","Mexico","WLD"," World",2007,"Import",5,1741460.264,"Primary ethylene polymer"
"S3","MEX","572","Mexico","WLD"," World",1993,"Export",6,45097,"Styrene primary polymers"
"S3","MEX","572","Mexico","WLD"," World",1993,"Import",5,109282,"Styrene primary polymers"
"S3","MEX","572","Mexico","WLD"," World",2007,"Export",6,433967.52,"Styrene primary polymers"
"S3","MEX","572","Mexico","WLD"," World",2007,"Import",5,694729.18,"Styrene primary polymers"
"S3","MEX","573","Mexico","WLD"," World",1993,"Export",6,102185,"Vinyl chloride etc polym"
"S3","MEX","573","Mexico","WLD"," World",1993,"Import",5,38001,"Vinyl chloride etc polym"
"S3","MEX","573","Mexico","WLD"," World",2007,"Export",6,162081.588,"Vinyl chloride etc polym"
"S3","MEX","573","Mexico","WLD"," World",2007,"Import",5,306431.064,"Vinyl chloride etc polym"
"S3","MEX","574","Mexico","WLD"," World",1993,"Export",6,50413,"Polyacetals/polyesters.."
"S3","MEX","574","Mexico","WLD"," World",1993,"Import",5,135870,"Polyacetals/polyesters.."
"S3","MEX","574","Mexico","WLD"," World",2007,"Export",6,646667.146,"Polyacetals/polyesters.."
"S3","MEX","574","Mexico","WLD"," World",2007,"Import",5,1137909.137,"Polyacetals/polyesters.."
"S3","MEX","575","Mexico","WLD"," World",1993,"Export",6,87280,"Plastic nes-primary form"
"S3","MEX","575","Mexico","WLD"," World",1993,"Import",5,465299.008,"Plastic nes-primary form"
"S3","MEX","575","Mexico","WLD"," World",2007,"Export",6,265566.482,"Plastic nes-primary form"
"S3","MEX","575","Mexico","WLD"," World",2007,"Import",5,2482998.45,"Plastic nes-primary form"
"S3","MEX","579","Mexico","WLD"," World",1993,"Export",6,25912,"Plastic waste/scrap"
"S3","MEX","579","Mexico","WLD"," World",1993,"Import",5,2129,"Plastic waste/scrap"
"S3","MEX","579","Mexico","WLD"," World",2007,"Export",6,293256.161,"Plastic waste/scrap"
"S3","MEX","579","Mexico","WLD"," World",2007,"Import",5,10537.708,"Plastic waste/scrap"
"S3","MEX","581","Mexico","WLD"," World",1993,"Export",6,31605,"Plastic tube/pipe/hose"
"S3","MEX","581","Mexico","WLD"," World",1993,"Import",5,186471.008,"Plastic tube/pipe/hose"
"S3","MEX","581","Mexico","WLD"," World",2007,"Export",6,261591.755,"Plastic tube/pipe/hose"
"S3","MEX","581","Mexico","WLD"," World",2007,"Import",5,985359.24,"Plastic tube/pipe/hose"
"S3","MEX","582","Mexico","WLD"," World",1993,"Export",6,124944,"Plastic sheets/film/etc"
"S3","MEX","582","Mexico","WLD"," World",1993,"Import",5,592004.992,"Plastic sheets/film/etc"
"S3","MEX","582","Mexico","WLD"," World",2007,"Export",6,535460.837,"Plastic sheets/film/etc"
"S3","MEX","582","Mexico","WLD"," World",2007,"Import",5,2769628.355,"Plastic sheets/film/etc"
"S3","MEX","583","Mexico","WLD"," World",1993,"Export",6,518,"Monofilament rods/sticks"
"S3","MEX","583","Mexico","WLD"," World",1993,"Import",5,9323,"Monofilament rods/sticks"
"S3","MEX","583","Mexico","WLD"," World",2007,"Export",6,4162.796,"Monofilament rods/sticks"
"S3","MEX","583","Mexico","WLD"," World",2007,"Import",5,59166.18,"Monofilament rods/sticks"
"S3","MEX","591","Mexico","WLD"," World",1993,"Export",6,21386,"Household/garden chemcal"
"S3","MEX","591","Mexico","WLD"," World",1993,"Import",5,104326,"Household/garden chemcal"
"S3","MEX","591","Mexico","WLD"," World",2007,"Export",6,122013.629,"Household/garden chemcal"
"S3","MEX","591","Mexico","WLD"," World",2007,"Import",5,406643.912,"Household/garden chemcal"
"S3","MEX","592","Mexico","WLD"," World",1993,"Export",6,20342,"Starches/glues/etc."
"S3","MEX","592","Mexico","WLD"," World",1993,"Import",5,150094,"Starches/glues/etc."
"S3","MEX","592","Mexico","WLD"," World",2007,"Export",6,81846.637,"Starches/glues/etc."
"S3","MEX","592","Mexico","WLD"," World",2007,"Import",5,617707.532,"Starches/glues/etc."
"S3","MEX","593","Mexico","WLD"," World",1993,"Export",6,6124,"Explosives/pyrotechnics"
"S3","MEX","593","Mexico","WLD"," World",1993,"Import",5,11612,"Explosives/pyrotechnics"
"S3","MEX","593","Mexico","WLD"," World",2007,"Export",6,110091.118,"Explosives/pyrotechnics"
"S3","MEX","593","Mexico","WLD"," World",2007,"Import",5,271665.864,"Explosives/pyrotechnics"
"S3","MEX","597","Mexico","WLD"," World",1993,"Export",6,36702,"Oil etc additives/fluids"
"S3","MEX","597","Mexico","WLD"," World",1993,"Import",5,70105,"Oil etc additives/fluids"
"S3","MEX","597","Mexico","WLD"," World",2007,"Export",6,93192.835,"Oil etc additives/fluids"
"S3","MEX","597","Mexico","WLD"," World",2007,"Import",5,436367.15,"Oil etc additives/fluids"
"S3","MEX","598","Mexico","WLD"," World",1993,"Export",6,85870,"Misc chemical prods nes"
"S3","MEX","598","Mexico","WLD"," World",1993,"Import",5,419671.008,"Misc chemical prods nes"
"S3","MEX","598","Mexico","WLD"," World",2007,"Export",6,436961.167,"Misc chemical prods nes"
"S3","MEX","598","Mexico","WLD"," World",2007,"Import",5,2145790.194,"Misc chemical prods nes"
"S3","MEX","611","Mexico","WLD"," World",1993,"Export",6,46015,"Leather"
"S3","MEX","611","Mexico","WLD"," World",1993,"Import",5,139740,"Leather"
"S3","MEX","611","Mexico","WLD"," World",2007,"Export",6,234164.465,"Leather"
"S3","MEX","611","Mexico","WLD"," World",2007,"Import",5,590826.483,"Leather"
"S3","MEX","612","Mexico","WLD"," World",1993,"Export",6,17785,"Leather manufactures"
"S3","MEX","612","Mexico","WLD"," World",1993,"Import",5,34321,"Leather manufactures"
"S3","MEX","612","Mexico","WLD"," World",2007,"Export",6,164731.437,"Leather manufactures"
"S3","MEX","612","Mexico","WLD"," World",2007,"Import",5,152097.12,"Leather manufactures"
"S3","MEX","613","Mexico","WLD"," World",1993,"Export",6,189,"Furskins tanned/dressed"
"S3","MEX","613","Mexico","WLD"," World",1993,"Import",5,1636,"Furskins tanned/dressed"
"S3","MEX","613","Mexico","WLD"," World",2007,"Export",6,361.141,"Furskins tanned/dressed"
"S3","MEX","613","Mexico","WLD"," World",2007,"Import",5,2598.367,"Furskins tanned/dressed"
"S3","MEX","621","Mexico","WLD"," World",1993,"Export",6,33558,"Materials of rubber"
"S3","MEX","621","Mexico","WLD"," World",1993,"Import",5,107739,"Materials of rubber"
"S3","MEX","621","Mexico","WLD"," World",2007,"Export",6,338954.634,"Materials of rubber"
"S3","MEX","621","Mexico","WLD"," World",2007,"Import",5,612353.133,"Materials of rubber"
"S3","MEX","625","Mexico","WLD"," World",1993,"Export",6,42410,"Rubber tyres/treads"
"S3","MEX","625","Mexico","WLD"," World",1993,"Import",5,264668,"Rubber tyres/treads"
"S3","MEX","625","Mexico","WLD"," World",2007,"Export",6,360397.892,"Rubber tyres/treads"
"S3","MEX","625","Mexico","WLD"," World",2007,"Import",5,1712924.817,"Rubber tyres/treads"
"S3","MEX","629","Mexico","WLD"," World",1993,"Export",6,24611,"Articles of rubber nes"
"S3","MEX","629","Mexico","WLD"," World",1993,"Import",5,210487.008,"Articles of rubber nes"
"S3","MEX","629","Mexico","WLD"," World",2007,"Export",6,355352.041,"Articles of rubber nes"
"S3","MEX","629","Mexico","WLD"," World",2007,"Import",5,1169947.801,"Articles of rubber nes"
"S3","MEX","633","Mexico","WLD"," World",1993,"Export",6,238,"Cork manufactures"
"S3","MEX","633","Mexico","WLD"," World",1993,"Import",5,3679,"Cork manufactures"
"S3","MEX","633","Mexico","WLD"," World",2007,"Export",6,9450.649,"Cork manufactures"
"S3","MEX","633","Mexico","WLD"," World",2007,"Import",5,21188.996,"Cork manufactures"
"S3","MEX","634","Mexico","WLD"," World",1993,"Export",6,17449,"Veneer/plywood/etc"
"S3","MEX","634","Mexico","WLD"," World",1993,"Import",5,198528,"Veneer/plywood/etc"
"S3","MEX","634","Mexico","WLD"," World",2007,"Export",6,25137.939,"Veneer/plywood/etc"
"S3","MEX","634","Mexico","WLD"," World",2007,"Import",5,477360.054,"Veneer/plywood/etc"
"S3","MEX","635","Mexico","WLD"," World",1993,"Export",6,155498,"Wood manufactures n.e.s."
"S3","MEX","635","Mexico","WLD"," World",1993,"Import",5,72960,"Wood manufactures n.e.s."
"S3","MEX","635","Mexico","WLD"," World",2007,"Export",6,289134.334,"Wood manufactures n.e.s."
"S3","MEX","635","Mexico","WLD"," World",2007,"Import",5,182658.299,"Wood manufactures n.e.s."
"S3","MEX","641","Mexico","WLD"," World",1993,"Export",6,58501,"Paper/paperboard"
"S3","MEX","641","Mexico","WLD"," World",1993,"Import",5,635268.992,"Paper/paperboard"
"S3","MEX","641","Mexico","WLD"," World",2007,"Export",6,345904.463,"Paper/paperboard"
"S3","MEX","641","Mexico","WLD"," World",2007,"Import",5,2799020.414,"Paper/paperboard"
"S3","MEX","642","Mexico","WLD"," World",1993,"Export",6,424729.984,"Cut paper/board/articles"
"S3","MEX","642","Mexico","WLD"," World",1993,"Import",5,859580.032,"Cut paper/board/articles"
"S3","MEX","642","Mexico","WLD"," World",2007,"Export",6,938747.526,"Cut paper/board/articles"
"S3","MEX","642","Mexico","WLD"," World",2007,"Import",5,1598385.138,"Cut paper/board/articles"
"S3","MEX","651","Mexico","WLD"," World",1993,"Export",6,182500,"Textile yarn"
"S3","MEX","651","Mexico","WLD"," World",1993,"Import",5,154840.992,"Textile yarn"
"S3","MEX","651","Mexico","WLD"," World",2007,"Export",6,484141.069,"Textile yarn"
"S3","MEX","651","Mexico","WLD"," World",2007,"Import",5,637345.559,"Textile yarn"
"S3","MEX","652","Mexico","WLD"," World",1993,"Export",6,48993,"Cotton fabrics, woven"
"S3","MEX","652","Mexico","WLD"," World",1993,"Import",5,203819.008,"Cotton fabrics, woven"
"S3","MEX","652","Mexico","WLD"," World",2007,"Export",6,87506.028,"Cotton fabrics, woven"
"S3","MEX","652","Mexico","WLD"," World",2007,"Import",5,586856.829,"Cotton fabrics, woven"
"S3","MEX","653","Mexico","WLD"," World",1993,"Export",6,104094,"Man-made woven fabrics"
"S3","MEX","653","Mexico","WLD"," World",1993,"Import",5,734761.024,"Man-made woven fabrics"
"S3","MEX","653","Mexico","WLD"," World",2007,"Export",6,101048.691,"Man-made woven fabrics"
"S3","MEX","653","Mexico","WLD"," World",2007,"Import",5,941810.761,"Man-made woven fabrics"
"S3","MEX","654","Mexico","WLD"," World",1993,"Export",6,12322,"Woven textile fabric nes"
"S3","MEX","654","Mexico","WLD"," World",1993,"Import",5,42899,"Woven textile fabric nes"
"S3","MEX","654","Mexico","WLD"," World",2007,"Export",6,77198.948,"Woven textile fabric nes"
"S3","MEX","654","Mexico","WLD"," World",2007,"Import",5,155657.073,"Woven textile fabric nes"
"S3","MEX","655","Mexico","WLD"," World",1993,"Export",6,8575,"Knit/crochet fabrics"
"S3","MEX","655","Mexico","WLD"," World",1993,"Import",5,42507,"Knit/crochet fabrics"
"S3","MEX","655","Mexico","WLD"," World",2007,"Export",6,85047.238,"Knit/crochet fabrics"
"S3","MEX","655","Mexico","WLD"," World",2007,"Import",5,1000009.364,"Knit/crochet fabrics"
"S3","MEX","656","Mexico","WLD"," World",1993,"Export",6,32470,"Tulle/lace/embr/trim etc"
"S3","MEX","656","Mexico","WLD"," World",1993,"Import",5,131221,"Tulle/lace/embr/trim etc"
"S3","MEX","656","Mexico","WLD"," World",2007,"Export",6,135033.788,"Tulle/lace/embr/trim etc"
"S3","MEX","656","Mexico","WLD"," World",2007,"Import",5,396063.937,"Tulle/lace/embr/trim etc"
"S3","MEX","657","Mexico","WLD"," World",1993,"Export",6,64899,"Special yarns/fabrics"
"S3","MEX","657","Mexico","WLD"," World",1993,"Import",5,340348,"Special yarns/fabrics"
"S3","MEX","657","Mexico","WLD"," World",2007,"Export",6,393219.869,"Special yarns/fabrics"
"S3","MEX","657","Mexico","WLD"," World",2007,"Import",5,1378440.707,"Special yarns/fabrics"
"S3","MEX","658","Mexico","WLD"," World",1993,"Export",6,354625.984,"Made-up textile articles"
"S3","MEX","658","Mexico","WLD"," World",1993,"Import",5,155271.008,"Made-up textile articles"
"S3","MEX","658","Mexico","WLD"," World",2007,"Export",6,779143.29,"Made-up textile articles"
"S3","MEX","658","Mexico","WLD"," World",2007,"Import",5,348608.214,"Made-up textile articles"
"S3","MEX","659","Mexico","WLD"," World",1993,"Export",6,61795,"Floor coverings etc."
"S3","MEX","659","Mexico","WLD"," World",1993,"Import",5,94158,"Floor coverings etc."
"S3","MEX","659","Mexico","WLD"," World",2007,"Export",6,62582.854,"Floor coverings etc."
"S3","MEX","659","Mexico","WLD"," World",2007,"Import",5,195046.577,"Floor coverings etc."
"S3","MEX","661","Mexico","WLD"," World",1993,"Export",6,88804,"Lime/cement/constr matl"
"S3","MEX","661","Mexico","WLD"," World",1993,"Import",5,49877,"Lime/cement/constr matl"
"S3","MEX","661","Mexico","WLD"," World",2007,"Export",6,332617.744,"Lime/cement/constr matl"
"S3","MEX","661","Mexico","WLD"," World",2007,"Import",5,134138.276,"Lime/cement/constr matl"
"S3","MEX","662","Mexico","WLD"," World",1993,"Export",6,100446,"Clay/refractory material"
"S3","MEX","662","Mexico","WLD"," World",1993,"Import",5,112749,"Clay/refractory material"
"S3","MEX","662","Mexico","WLD"," World",2007,"Export",6,381876.765,"Clay/refractory material"
"S3","MEX","662","Mexico","WLD"," World",2007,"Import",5,316744.127,"Clay/refractory material"
"S3","MEX","663","Mexico","WLD"," World",1993,"Export",6,111525,"Mineral manufactures nes"
"S3","MEX","663","Mexico","WLD"," World",1993,"Import",5,132366,"Mineral manufactures nes"
"S3","MEX","663","Mexico","WLD"," World",2007,"Export",6,458485.922,"Mineral manufactures nes"
"S3","MEX","663","Mexico","WLD"," World",2007,"Import",5,661676.301,"Mineral manufactures nes"
"S3","MEX","664","Mexico","WLD"," World",1993,"Export",6,241844,"Glass"
"S3","MEX","664","Mexico","WLD"," World",1993,"Import",5,181096.992,"Glass"
"S3","MEX","664","Mexico","WLD"," World",2007,"Export",6,790519.012,"Glass"
"S3","MEX","664","Mexico","WLD"," World",2007,"Import",5,819834.952,"Glass"
"S3","MEX","665","Mexico","WLD"," World",1993,"Export",6,187787.008,"Glassware"
"S3","MEX","665","Mexico","WLD"," World",1993,"Import",5,120874,"Glassware"
"S3","MEX","665","Mexico","WLD"," World",2007,"Export",6,423867.302,"Glassware"
"S3","MEX","665","Mexico","WLD"," World",2007,"Import",5,358057.74,"Glassware"
"S3","MEX","666","Mexico","WLD"," World",1993,"Export",6,30532,"Pottery"
"S3","MEX","666","Mexico","WLD"," World",1993,"Import",5,40897,"Pottery"
"S3","MEX","666","Mexico","WLD"," World",2007,"Export",6,49335.48,"Pottery"
"S3","MEX","666","Mexico","WLD"," World",2007,"Import",5,70634.232,"Pottery"
"S3","MEX","667","Mexico","WLD"," World",1993,"Export",6,997,"Pearls/precious stones"
"S3","MEX","667","Mexico","WLD"," World",1993,"Import",5,11566,"Pearls/precious stones"
"S3","MEX","667","Mexico","WLD"," World",2007,"Export",6,80428.061,"Pearls/precious stones"
"S3","MEX","667","Mexico","WLD"," World",2007,"Import",5,219065.687,"Pearls/precious stones"
"S3","MEX","671","Mexico","WLD"," World",1993,"Export",6,36378,"Pig iron etc ferro alloy"
"S3","MEX","671","Mexico","WLD"," World",1993,"Import",5,72383,"Pig iron etc ferro alloy"
"S3","MEX","671","Mexico","WLD"," World",2007,"Export",6,53514.098,"Pig iron etc ferro alloy"
"S3","MEX","671","Mexico","WLD"," World",2007,"Import",5,310129.004,"Pig iron etc ferro alloy"
"S3","MEX","672","Mexico","WLD"," World",1993,"Export",6,261736,"Primary/prods iron/steel"
"S3","MEX","672","Mexico","WLD"," World",1993,"Import",5,38708,"Primary/prods iron/steel"
"S3","MEX","672","Mexico","WLD"," World",2007,"Export",6,1543539.18,"Primary/prods iron/steel"
"S3","MEX","672","Mexico","WLD"," World",2007,"Import",5,582865.354,"Primary/prods iron/steel"
"S3","MEX","673","Mexico","WLD"," World",1993,"Export",6,69837,"Flat rolled iron/st prod"
"S3","MEX","673","Mexico","WLD"," World",1993,"Import",5,394201.984,"Flat rolled iron/st prod"
"S3","MEX","673","Mexico","WLD"," World",2007,"Export",6,355280.108,"Flat rolled iron/st prod"
"S3","MEX","673","Mexico","WLD"," World",2007,"Import",5,1162392.043,"Flat rolled iron/st prod"
"S3","MEX","674","Mexico","WLD"," World",1993,"Export",6,51914,"Rolled plated m-steel"
"S3","MEX","674","Mexico","WLD"," World",1993,"Import",5,276315.008,"Rolled plated m-steel"
"S3","MEX","674","Mexico","WLD"," World",2007,"Export",6,264012.943,"Rolled plated m-steel"
"S3","MEX","674","Mexico","WLD"," World",2007,"Import",5,1177062.919,"Rolled plated m-steel"
"S3","MEX","675","Mexico","WLD"," World",1993,"Export",6,136778,"Flat rolled alloy steel"
"S3","MEX","675","Mexico","WLD"," World",1993,"Import",5,226579.008,"Flat rolled alloy steel"
"S3","MEX","675","Mexico","WLD"," World",2007,"Export",6,455300.321,"Flat rolled alloy steel"
"S3","MEX","675","Mexico","WLD"," World",2007,"Import",5,2009083.807,"Flat rolled alloy steel"
"S3","MEX","676","Mexico","WLD"," World",1993,"Export",6,78347,"Iron/steel bars/rods/etc"
"S3","MEX","676","Mexico","WLD"," World",1993,"Import",5,293347.008,"Iron/steel bars/rods/etc"
"S3","MEX","676","Mexico","WLD"," World",2007,"Export",6,453290.522,"Iron/steel bars/rods/etc"
"S3","MEX","676","Mexico","WLD"," World",2007,"Import",5,1136493.669,"Iron/steel bars/rods/etc"
"S3","MEX","677","Mexico","WLD"," World",1993,"Export",6,1534,"Iron/steel railway matl"
"S3","MEX","677","Mexico","WLD"," World",1993,"Import",5,39396,"Iron/steel railway matl"
"S3","MEX","677","Mexico","WLD"," World",2007,"Export",6,2920.977,"Iron/steel railway matl"
"S3","MEX","677","Mexico","WLD"," World",2007,"Import",5,145462.334,"Iron/steel railway matl"
"S3","MEX","678","Mexico","WLD"," World",1993,"Export",6,5676,"Iron/steel wire"
"S3","MEX","678","Mexico","WLD"," World",1993,"Import",5,64986,"Iron/steel wire"
"S3","MEX","678","Mexico","WLD"," World",2007,"Export",6,149807.176,"Iron/steel wire"
"S3","MEX","678","Mexico","WLD"," World",2007,"Import",5,144874.972,"Iron/steel wire"
"S3","MEX","679","Mexico","WLD"," World",1993,"Export",6,235040,"Iron/steel pipe/tube/etc"
"S3","MEX","679","Mexico","WLD"," World",1993,"Import",5,383880,"Iron/steel pipe/tube/etc"
"S3","MEX","679","Mexico","WLD"," World",2007,"Export",6,1410842.732,"Iron/steel pipe/tube/etc"
"S3","MEX","679","Mexico","WLD"," World",2007,"Import",5,1206483.797,"Iron/steel pipe/tube/etc"
"S3","MEX","681","Mexico","WLD"," World",1993,"Export",6,187956.992,"Silver/platinum etc"
"S3","MEX","681","Mexico","WLD"," World",1993,"Import",5,4451,"Silver/platinum etc"
"S3","MEX","681","Mexico","WLD"," World",2007,"Export",6,1421610.091,"Silver/platinum etc"
"S3","MEX","681","Mexico","WLD"," World",2007,"Import",5,87487.52,"Silver/platinum etc"
"S3","MEX","682","Mexico","WLD"," World",1993,"Export",6,474830.016,"Copper"
"S3","MEX","682","Mexico","WLD"," World",1993,"Import",5,284158.016,"Copper"
"S3","MEX","682","Mexico","WLD"," World",2007,"Export",6,1668240.017,"Copper"
"S3","MEX","682","Mexico","WLD"," World",2007,"Import",5,2341815.849,"Copper"
"S3","MEX","683","Mexico","WLD"," World",1993,"Export",6,272,"Nickel"
"S3","MEX","683","Mexico","WLD"," World",1993,"Import",5,20299,"Nickel"
"S3","MEX","683","Mexico","WLD"," World",2007,"Export",6,8706.46,"Nickel"
"S3","MEX","683","Mexico","WLD"," World",2007,"Import",5,257416.24,"Nickel"
"S3","MEX","684","Mexico","WLD"," World",1993,"Export",6,25667,"Aluminium"
"S3","MEX","684","Mexico","WLD"," World",1993,"Import",5,498015.008,"Aluminium"
"S3","MEX","684","Mexico","WLD"," World",2007,"Export",6,277065.866,"Aluminium"
"S3","MEX","684","Mexico","WLD"," World",2007,"Import",5,3087135.891,"Aluminium"
"S3","MEX","685","Mexico","WLD"," World",1993,"Export",6,47472,"Lead"
"S3","MEX","685","Mexico","WLD"," World",1993,"Import",5,3973,"Lead"
"S3","MEX","685","Mexico","WLD"," World",2007,"Export",6,102859.668,"Lead"
"S3","MEX","685","Mexico","WLD"," World",2007,"Import",5,91075.095,"Lead"
"S3","MEX","686","Mexico","WLD"," World",1993,"Export",6,122124,"Zinc"
"S3","MEX","686","Mexico","WLD"," World",1993,"Import",5,12808,"Zinc"
"S3","MEX","686","Mexico","WLD"," World",2007,"Export",6,743691.66,"Zinc"
"S3","MEX","686","Mexico","WLD"," World",2007,"Import",5,60420.264,"Zinc"
"S3","MEX","687","Mexico","WLD"," World",1993,"Export",6,3178,"Tin"
"S3","MEX","687","Mexico","WLD"," World",1993,"Import",5,5950,"Tin"
"S3","MEX","687","Mexico","WLD"," World",2007,"Export",6,34394.921,"Tin"
"S3","MEX","687","Mexico","WLD"," World",2007,"Import",5,83875.481,"Tin"
"S3","MEX","689","Mexico","WLD"," World",1993,"Export",6,4154,"Misc non-ferr base metal"
"S3","MEX","689","Mexico","WLD"," World",1993,"Import",5,12650,"Misc non-ferr base metal"
"S3","MEX","689","Mexico","WLD"," World",2007,"Export",6,69510.354,"Misc non-ferr base metal"
"S3","MEX","689","Mexico","WLD"," World",2007,"Import",5,110511.285,"Misc non-ferr base metal"
"S3","MEX","691","Mexico","WLD"," World",1993,"Export",6,26314,"Iron/stl/alum structures"
"S3","MEX","691","Mexico","WLD"," World",1993,"Import",5,121556,"Iron/stl/alum structures"
"S3","MEX","691","Mexico","WLD"," World",2007,"Export",6,577787.519,"Iron/stl/alum structures"
"S3","MEX","691","Mexico","WLD"," World",2007,"Import",5,234726.119,"Iron/stl/alum structures"
"S3","MEX","692","Mexico","WLD"," World",1993,"Export",6,48575,"Metal store/transpt cont"
"S3","MEX","692","Mexico","WLD"," World",1993,"Import",5,105926,"Metal store/transpt cont"
"S3","MEX","692","Mexico","WLD"," World",2007,"Export",6,255370.129,"Metal store/transpt cont"
"S3","MEX","692","Mexico","WLD"," World",2007,"Import",5,307517.845,"Metal store/transpt cont"
"S3","MEX","693","Mexico","WLD"," World",1993,"Export",6,35452,"Wire prod exc ins electr"
"S3","MEX","693","Mexico","WLD"," World",1993,"Import",5,60541,"Wire prod exc ins electr"
"S3","MEX","693","Mexico","WLD"," World",2007,"Export",6,222241.792,"Wire prod exc ins electr"
"S3","MEX","693","Mexico","WLD"," World",2007,"Import",5,270238.702,"Wire prod exc ins electr"
"S3","MEX","694","Mexico","WLD"," World",1993,"Export",6,36539,"Nails/screws/nuts/bolts"
"S3","MEX","694","Mexico","WLD"," World",1993,"Import",5,341815.008,"Nails/screws/nuts/bolts"
"S3","MEX","694","Mexico","WLD"," World",2007,"Export",6,98332.654,"Nails/screws/nuts/bolts"
"S3","MEX","694","Mexico","WLD"," World",2007,"Import",5,1806364.467,"Nails/screws/nuts/bolts"
"S3","MEX","695","Mexico","WLD"," World",1993,"Export",6,55072,"Hand/machine tools"
"S3","MEX","695","Mexico","WLD"," World",1993,"Import",5,332160.992,"Hand/machine tools"
"S3","MEX","695","Mexico","WLD"," World",2007,"Export",6,277210.125,"Hand/machine tools"
"S3","MEX","695","Mexico","WLD"," World",2007,"Import",5,973449.657,"Hand/machine tools"
"S3","MEX","696","Mexico","WLD"," World",1993,"Export",6,21703,"Cutlery"
"S3","MEX","696","Mexico","WLD"," World",1993,"Import",5,49290,"Cutlery"
"S3","MEX","696","Mexico","WLD"," World",2007,"Export",6,240209.073,"Cutlery"
"S3","MEX","696","Mexico","WLD"," World",2007,"Import",5,143599.13,"Cutlery"
"S3","MEX","697","Mexico","WLD"," World",1993,"Export",6,238739.008,"Base metal hhold equipms"
"S3","MEX","697","Mexico","WLD"," World",1993,"Import",5,93697,"Base metal hhold equipms"
"S3","MEX","697","Mexico","WLD"," World",2007,"Export",6,248855.563,"Base metal hhold equipms"
"S3","MEX","697","Mexico","WLD"," World",2007,"Import",5,275353.397,"Base metal hhold equipms"
"S3","MEX","699","Mexico","WLD"," World",1993,"Export",6,853521.984,"Base metal manufac nes"
"S3","MEX","699","Mexico","WLD"," World",1993,"Import",5,1806153.984,"Base metal manufac nes"
"S3","MEX","699","Mexico","WLD"," World",2007,"Export",6,4144625.853,"Base metal manufac nes"
"S3","MEX","699","Mexico","WLD"," World",2007,"Import",5,5944279.132,"Base metal manufac nes"
"S3","MEX","711","Mexico","WLD"," World",1993,"Export",6,6672,"Steam generating boilers"
"S3","MEX","711","Mexico","WLD"," World",1993,"Import",5,137564,"Steam generating boilers"
"S3","MEX","711","Mexico","WLD"," World",2007,"Export",6,80612.55,"Steam generating boilers"
"S3","MEX","711","Mexico","WLD"," World",2007,"Import",5,56759.071,"Steam generating boilers"
"S3","MEX","712","Mexico","WLD"," World",1993,"Export",6,7934,"Steam/vapour turbines"
"S3","MEX","712","Mexico","WLD"," World",1993,"Import",5,97544,"Steam/vapour turbines"
"S3","MEX","712","Mexico","WLD"," World",2007,"Export",6,58603.49,"Steam/vapour turbines"
"S3","MEX","712","Mexico","WLD"," World",2007,"Import",5,51137.97,"Steam/vapour turbines"
"S3","MEX","713","Mexico","WLD"," World",1993,"Export",6,1653491.968,"Internal combust engines"
"S3","MEX","713","Mexico","WLD"," World",1993,"Import",5,565582.016,"Internal combust engines"
"S3","MEX","713","Mexico","WLD"," World",2007,"Export",6,5012851.864,"Internal combust engines"
"S3","MEX","713","Mexico","WLD"," World",2007,"Import",5,5024842.347,"Internal combust engines"
"S3","MEX","714","Mexico","WLD"," World",1993,"Export",6,188484.992,"Engines non-electric nes"
"S3","MEX","714","Mexico","WLD"," World",1993,"Import",5,122620,"Engines non-electric nes"
"S3","MEX","714","Mexico","WLD"," World",2007,"Export",6,1277373.765,"Engines non-electric nes"
"S3","MEX","714","Mexico","WLD"," World",2007,"Import",5,977622.647,"Engines non-electric nes"
"S3","MEX","716","Mexico","WLD"," World",1993,"Export",6,633801.984,"Rotating electr plant"
"S3","MEX","716","Mexico","WLD"," World",1993,"Import",5,560649.024,"Rotating electr plant"
"S3","MEX","716","Mexico","WLD"," World",2007,"Export",6,2831762.786,"Rotating electr plant"
"S3","MEX","716","Mexico","WLD"," World",2007,"Import",5,1850600.72,"Rotating electr plant"
"S3","MEX","718","Mexico","WLD"," World",1993,"Export",6,36655,"Power generating equ nes"
"S3","MEX","718","Mexico","WLD"," World",1993,"Import",5,32531,"Power generating equ nes"
"S3","MEX","718","Mexico","WLD"," World",2007,"Export",6,117250.14,"Power generating equ nes"
"S3","MEX","718","Mexico","WLD"," World",2007,"Import",5,233927.126,"Power generating equ nes"
"S3","MEX","721","Mexico","WLD"," World",1993,"Export",6,68636,"Agric machine ex tractr"
"S3","MEX","721","Mexico","WLD"," World",1993,"Import",5,129121,"Agric machine ex tractr"
"S3","MEX","721","Mexico","WLD"," World",2007,"Export",6,257269.375,"Agric machine ex tractr"
"S3","MEX","721","Mexico","WLD"," World",2007,"Import",5,367683.993,"Agric machine ex tractr"
"S3","MEX","722","Mexico","WLD"," World",1993,"Export",6,9728,"Tractors"
"S3","MEX","722","Mexico","WLD"," World",1993,"Import",5,28296,"Tractors"
"S3","MEX","722","Mexico","WLD"," World",2007,"Export",6,130854.793,"Tractors"
"S3","MEX","722","Mexico","WLD"," World",2007,"Import",5,118733.125,"Tractors"
"S3","MEX","723","Mexico","WLD"," World",1993,"Export",6,107542,"Civil engineering plant"
"S3","MEX","723","Mexico","WLD"," World",1993,"Import",5,399929.984,"Civil engineering plant"
"S3","MEX","723","Mexico","WLD"," World",2007,"Export",6,994345.619,"Civil engineering plant"
"S3","MEX","723","Mexico","WLD"," World",2007,"Import",5,1996578.387,"Civil engineering plant"
"S3","MEX","724","Mexico","WLD"," World",1993,"Export",6,23242,"Textile/leather machinry"
"S3","MEX","724","Mexico","WLD"," World",1993,"Import",5,384996.992,"Textile/leather machinry"
"S3","MEX","724","Mexico","WLD"," World",2007,"Export",6,139173.542,"Textile/leather machinry"
"S3","MEX","724","Mexico","WLD"," World",2007,"Import",5,653621.337,"Textile/leather machinry"
"S3","MEX","725","Mexico","WLD"," World",1993,"Export",6,14147,"Paper industry machinery"
"S3","MEX","725","Mexico","WLD"," World",1993,"Import",5,102093,"Paper industry machinery"
"S3","MEX","725","Mexico","WLD"," World",2007,"Export",6,16110.132,"Paper industry machinery"
"S3","MEX","725","Mexico","WLD"," World",2007,"Import",5,215564.179,"Paper industry machinery"
"S3","MEX","726","Mexico","WLD"," World",1993,"Export",6,16482,"Printing industry machny"
"S3","MEX","726","Mexico","WLD"," World",1993,"Import",5,211475.008,"Printing industry machny"
"S3","MEX","726","Mexico","WLD"," World",2007,"Export",6,14435.181,"Printing industry machny"
"S3","MEX","726","Mexico","WLD"," World",2007,"Import",5,330426.148,"Printing industry machny"
"S3","MEX","727","Mexico","WLD"," World",1993,"Export",6,13874,"Food processing machines"
"S3","MEX","727","Mexico","WLD"," World",1993,"Import",5,91908,"Food processing machines"
"S3","MEX","727","Mexico","WLD"," World",2007,"Export",6,57151.048,"Food processing machines"
"S3","MEX","727","Mexico","WLD"," World",2007,"Import",5,235777.573,"Food processing machines"
"S3","MEX","728","Mexico","WLD"," World",1993,"Export",6,79691,"Special indust machn nes"
"S3","MEX","728","Mexico","WLD"," World",1993,"Import",5,970129.024,"Special indust machn nes"
"S3","MEX","728","Mexico","WLD"," World",2007,"Export",6,824145.753,"Special indust machn nes"
"S3","MEX","728","Mexico","WLD"," World",2007,"Import",5,3532617.322,"Special indust machn nes"
"S3","MEX","731","Mexico","WLD"," World",1993,"Export",6,6989,"Mach-tools remove mtrial"
"S3","MEX","731","Mexico","WLD"," World",1993,"Import",5,295448,"Mach-tools remove mtrial"
"S3","MEX","731","Mexico","WLD"," World",2007,"Export",6,20016.173,"Mach-tools remove mtrial"
"S3","MEX","731","Mexico","WLD"," World",2007,"Import",5,917421.082,"Mach-tools remove mtrial"
"S3","MEX","733","Mexico","WLD"," World",1993,"Export",6,14298,"Mtl m-tools w/o mtl-rmvl"
"S3","MEX","733","Mexico","WLD"," World",1993,"Import",5,220926,"Mtl m-tools w/o mtl-rmvl"
"S3","MEX","733","Mexico","WLD"," World",2007,"Export",6,20111.166,"Mtl m-tools w/o mtl-rmvl"
"S3","MEX","733","Mexico","WLD"," World",2007,"Import",5,637682.749,"Mtl m-tools w/o mtl-rmvl"
"S3","MEX","735","Mexico","WLD"," World",1993,"Export",6,11365,"Metal machine tool parts"
"S3","MEX","735","Mexico","WLD"," World",1993,"Import",5,89477,"Metal machine tool parts"
"S3","MEX","735","Mexico","WLD"," World",2007,"Export",6,32534.644,"Metal machine tool parts"
"S3","MEX","735","Mexico","WLD"," World",2007,"Import",5,461892.527,"Metal machine tool parts"
"S3","MEX","737","Mexico","WLD"," World",1993,"Export",6,31012,"Metalworking machine nes"
"S3","MEX","737","Mexico","WLD"," World",1993,"Import",5,223080,"Metalworking machine nes"
"S3","MEX","737","Mexico","WLD"," World",2007,"Export",6,154284.293,"Metalworking machine nes"
"S3","MEX","737","Mexico","WLD"," World",2007,"Import",5,521017.573,"Metalworking machine nes"
"S3","MEX","741","Mexico","WLD"," World",1993,"Export",6,317604,"Indust heat/cool equipmt"
"S3","MEX","741","Mexico","WLD"," World",1993,"Import",5,601702.976,"Indust heat/cool equipmt"
"S3","MEX","741","Mexico","WLD"," World",2007,"Export",6,2854836.291,"Indust heat/cool equipmt"
"S3","MEX","741","Mexico","WLD"," World",2007,"Import",5,2492411.459,"Indust heat/cool equipmt"
"S3","MEX","742","Mexico","WLD"," World",1993,"Export",6,72301,"Pumps for liquids"
"S3","MEX","742","Mexico","WLD"," World",1993,"Import",5,295583.008,"Pumps for liquids"
"S3","MEX","742","Mexico","WLD"," World",2007,"Export",6,898958.853,"Pumps for liquids"
"S3","MEX","742","Mexico","WLD"," World",2007,"Import",5,1211782.183,"Pumps for liquids"
"S3","MEX","743","Mexico","WLD"," World",1993,"Export",6,284376.992,"Fans/filters/gas pumps"
"S3","MEX","743","Mexico","WLD"," World",1993,"Import",5,738704,"Fans/filters/gas pumps"
"S3","MEX","743","Mexico","WLD"," World",2007,"Export",6,2650549.97,"Fans/filters/gas pumps"
"S3","MEX","743","Mexico","WLD"," World",2007,"Import",5,3099389.219,"Fans/filters/gas pumps"
"S3","MEX","744","Mexico","WLD"," World",1993,"Export",6,57773,"Mechanical handling equi"
"S3","MEX","744","Mexico","WLD"," World",1993,"Import",5,415319.008,"Mechanical handling equi"
"S3","MEX","744","Mexico","WLD"," World",2007,"Export",6,504781.807,"Mechanical handling equi"
"S3","MEX","744","Mexico","WLD"," World",2007,"Import",5,1367029.156,"Mechanical handling equi"
"S3","MEX","745","Mexico","WLD"," World",1993,"Export",6,77742,"Non-electr machines nes"
"S3","MEX","745","Mexico","WLD"," World",1993,"Import",5,574275.008,"Non-electr machines nes"
"S3","MEX","745","Mexico","WLD"," World",2007,"Export",6,589235.791,"Non-electr machines nes"
"S3","MEX","745","Mexico","WLD"," World",2007,"Import",5,1526959.269,"Non-electr machines nes"
"S3","MEX","746","Mexico","WLD"," World",1993,"Export",6,21280,"Ball/roller bearings"
"S3","MEX","746","Mexico","WLD"," World",1993,"Import",5,163834,"Ball/roller bearings"
"S3","MEX","746","Mexico","WLD"," World",2007,"Export",6,98740.908,"Ball/roller bearings"
"S3","MEX","746","Mexico","WLD"," World",2007,"Import",5,640077.319,"Ball/roller bearings"
"S3","MEX","747","Mexico","WLD"," World",1993,"Export",6,285568.992,"Taps/cocks/valves"
"S3","MEX","747","Mexico","WLD"," World",1993,"Import",5,356022.016,"Taps/cocks/valves"
"S3","MEX","747","Mexico","WLD"," World",2007,"Export",6,1703031.455,"Taps/cocks/valves"
"S3","MEX","747","Mexico","WLD"," World",2007,"Import",5,1884045.852,"Taps/cocks/valves"
"S3","MEX","748","Mexico","WLD"," World",1993,"Export",6,112808,"Mech transmission equmnt"
"S3","MEX","748","Mexico","WLD"," World",1993,"Import",5,355952,"Mech transmission equmnt"
"S3","MEX","748","Mexico","WLD"," World",2007,"Export",6,677087.993,"Mech transmission equmnt"
"S3","MEX","748","Mexico","WLD"," World",2007,"Import",5,1520162.095,"Mech transmission equmnt"
"S3","MEX","749","Mexico","WLD"," World",1993,"Export",6,131791,"Non-elec parts/acc machn"
"S3","MEX","749","Mexico","WLD"," World",1993,"Import",5,310939.008,"Non-elec parts/acc machn"
"S3","MEX","749","Mexico","WLD"," World",2007,"Export",6,305331.392,"Non-elec parts/acc machn"
"S3","MEX","749","Mexico","WLD"," World",2007,"Import",5,1354659.73,"Non-elec parts/acc machn"
"S3","MEX","751","Mexico","WLD"," World",1993,"Export",6,300200.992,"Office machines"
"S3","MEX","751","Mexico","WLD"," World",1993,"Import",5,261012,"Office machines"
"S3","MEX","751","Mexico","WLD"," World",2007,"Export",6,111760.431,"Office machines"
"S3","MEX","751","Mexico","WLD"," World",2007,"Import",5,237293.423,"Office machines"
"S3","MEX","752","Mexico","WLD"," World",1993,"Export",6,826060.032,"Computer equipment"
"S3","MEX","752","Mexico","WLD"," World",1993,"Import",5,1084776.96,"Computer equipment"
"S3","MEX","752","Mexico","WLD"," World",2007,"Export",6,8960075.763,"Computer equipment"
"S3","MEX","752","Mexico","WLD"," World",2007,"Import",5,6098386.281,"Computer equipment"
"S3","MEX","759","Mexico","WLD"," World",1993,"Export",6,391963.008,"Office equip parts/accs."
"S3","MEX","759","Mexico","WLD"," World",1993,"Import",5,404076,"Office equip parts/accs."
"S3","MEX","759","Mexico","WLD"," World",2007,"Export",6,2395584.589,"Office equip parts/accs."
"S3","MEX","759","Mexico","WLD"," World",2007,"Import",5,4065816.115,"Office equip parts/accs."
"S3","MEX","761","Mexico","WLD"," World",1993,"Export",6,1774013.952,"Television receivers"
"S3","MEX","761","Mexico","WLD"," World",1993,"Import",5,308068.992,"Television receivers"
"S3","MEX","761","Mexico","WLD"," World",2007,"Export",6,20277044.736,"Television receivers"
"S3","MEX","761","Mexico","WLD"," World",2007,"Import",5,672224.148,"Television receivers"
"S3","MEX","762","Mexico","WLD"," World",1993,"Export",6,865995.008,"Radio broadcast receiver"
"S3","MEX","762","Mexico","WLD"," World",1993,"Import",5,252960.992,"Radio broadcast receiver"
"S3","MEX","762","Mexico","WLD"," World",2007,"Export",6,1503300.433,"Radio broadcast receiver"
"S3","MEX","762","Mexico","WLD"," World",2007,"Import",5,510305.643,"Radio broadcast receiver"
"S3","MEX","763","Mexico","WLD"," World",1993,"Export",6,247256.992,"Sound/tv recorders etc"
"S3","MEX","763","Mexico","WLD"," World",1993,"Import",5,563147.008,"Sound/tv recorders etc"
"S3","MEX","763","Mexico","WLD"," World",2007,"Export",6,265768.416,"Sound/tv recorders etc"
"S3","MEX","763","Mexico","WLD"," World",2007,"Import",5,780460.754,"Sound/tv recorders etc"
"S3","MEX","764","Mexico","WLD"," World",1993,"Export",6,1719531.008,"Telecomms equipment nes"
"S3","MEX","764","Mexico","WLD"," World",1993,"Import",5,1881474.048,"Telecomms equipment nes"
"S3","MEX","764","Mexico","WLD"," World",2007,"Export",6,12146614.612,"Telecomms equipment nes"
"S3","MEX","764","Mexico","WLD"," World",2007,"Import",5,15373515.111,"Telecomms equipment nes"
"S3","MEX","771","Mexico","WLD"," World",1993,"Export",6,765532.992,"Elect power transm equip"
"S3","MEX","771","Mexico","WLD"," World",1993,"Import",5,486833.984,"Elect power transm equip"
"S3","MEX","771","Mexico","WLD"," World",2007,"Export",6,2460589.211,"Elect power transm equip"
"S3","MEX","771","Mexico","WLD"," World",2007,"Import",5,2542373.539,"Elect power transm equip"
"S3","MEX","772","Mexico","WLD"," World",1993,"Export",6,1465697.024,"Electric circuit equipmt"
"S3","MEX","772","Mexico","WLD"," World",1993,"Import",5,1976657.024,"Electric circuit equipmt"
"S3","MEX","772","Mexico","WLD"," World",2007,"Export",6,6322745.429,"Electric circuit equipmt"
"S3","MEX","772","Mexico","WLD"," World",2007,"Import",5,10141117.683,"Electric circuit equipmt"
"S3","MEX","773","Mexico","WLD"," World",1993,"Export",6,2779687.936,"Electrical distrib equip"
"S3","MEX","773","Mexico","WLD"," World",1993,"Import",5,1745784.064,"Electrical distrib equip"
"S3","MEX","773","Mexico","WLD"," World",2007,"Export",6,7780482.639,"Electrical distrib equip"
"S3","MEX","773","Mexico","WLD"," World",2007,"Import",5,3874504.694,"Electrical distrib equip"
"S3","MEX","774","Mexico","WLD"," World",1993,"Export",6,50669,"Medical etc el diag equi"
"S3","MEX","774","Mexico","WLD"," World",1993,"Import",5,158108.992,"Medical etc el diag equi"
"S3","MEX","774","Mexico","WLD"," World",2007,"Export",6,337158.024,"Medical etc el diag equi"
"S3","MEX","774","Mexico","WLD"," World",2007,"Import",5,337460.936,"Medical etc el diag equi"
"S3","MEX","775","Mexico","WLD"," World",1993,"Export",6,551059.968,"Domestic equipment"
"S3","MEX","775","Mexico","WLD"," World",1993,"Import",5,375241.984,"Domestic equipment"
"S3","MEX","775","Mexico","WLD"," World",2007,"Export",6,2663710.807,"Domestic equipment"
"S3","MEX","775","Mexico","WLD"," World",2007,"Import",5,730962.005,"Domestic equipment"
"S3","MEX","776","Mexico","WLD"," World",1993,"Export",6,671102.976,"Valves/transistors/etc"
"S3","MEX","776","Mexico","WLD"," World",1993,"Import",5,2249818.88,"Valves/transistors/etc"
"S3","MEX","776","Mexico","WLD"," World",2007,"Export",6,1325889.378,"Valves/transistors/etc"
"S3","MEX","776","Mexico","WLD"," World",2007,"Import",5,6569591.988,"Valves/transistors/etc"
"S3","MEX","778","Mexico","WLD"," World",1993,"Export",6,2008824.064,"Electrical equipment nes"
"S3","MEX","778","Mexico","WLD"," World",1993,"Import",5,1931746.048,"Electrical equipment nes"
"S3","MEX","778","Mexico","WLD"," World",2007,"Export",6,7301003.387,"Electrical equipment nes"
"S3","MEX","778","Mexico","WLD"," World",2007,"Import",5,5930401.819,"Electrical equipment nes"
"S3","MEX","781","Mexico","WLD"," World",1993,"Export",6,4242558.976,"Passenger cars etc"
"S3","MEX","781","Mexico","WLD"," World",1993,"Import",5,402760.992,"Passenger cars etc"
"S3","MEX","781","Mexico","WLD"," World",2007,"Export",6,18684438.59,"Passenger cars etc"
"S3","MEX","781","Mexico","WLD"," World",2007,"Import",5,9436330.283,"Passenger cars etc"
"S3","MEX","782","Mexico","WLD"," World",1993,"Export",6,669470.976,"Goods/service vehicles"
"S3","MEX","782","Mexico","WLD"," World",1993,"Import",5,153852,"Goods/service vehicles"
"S3","MEX","782","Mexico","WLD"," World",2007,"Export",6,8994584.049,"Goods/service vehicles"
"S3","MEX","782","Mexico","WLD"," World",2007,"Import",5,3146217.181,"Goods/service vehicles"
"S3","MEX","783","Mexico","WLD"," World",1993,"Export",6,9942,"Road motor vehicles nes"
"S3","MEX","783","Mexico","WLD"," World",1993,"Import",5,176896.992,"Road motor vehicles nes"
"S3","MEX","783","Mexico","WLD"," World",2007,"Export",6,1186586.096,"Road motor vehicles nes"
"S3","MEX","783","Mexico","WLD"," World",2007,"Import",5,348328.997,"Road motor vehicles nes"
"S3","MEX","784","Mexico","WLD"," World",1993,"Export",6,2013789.056,"Motor veh parts/access"
"S3","MEX","784","Mexico","WLD"," World",1993,"Import",5,905054.016,"Motor veh parts/access"
"S3","MEX","784","Mexico","WLD"," World",2007,"Export",6,11853224.763,"Motor veh parts/access"
"S3","MEX","784","Mexico","WLD"," World",2007,"Import",5,12302190.119,"Motor veh parts/access"
"S3","MEX","785","Mexico","WLD"," World",1993,"Export",6,36984,"Motorcycles/cycles/etc"
"S3","MEX","785","Mexico","WLD"," World",1993,"Import",5,134980.992,"Motorcycles/cycles/etc"
"S3","MEX","785","Mexico","WLD"," World",2007,"Export",6,91314.248,"Motorcycles/cycles/etc"
"S3","MEX","785","Mexico","WLD"," World",2007,"Import",5,420540.478,"Motorcycles/cycles/etc"
"S3","MEX","786","Mexico","WLD"," World",1993,"Export",6,110683,"Trailers/caravans/etc"
"S3","MEX","786","Mexico","WLD"," World",1993,"Import",5,106337,"Trailers/caravans/etc"
"S3","MEX","786","Mexico","WLD"," World",2007,"Export",6,440863.031,"Trailers/caravans/etc"
"S3","MEX","786","Mexico","WLD"," World",2007,"Import",5,421041.025,"Trailers/caravans/etc"
"S3","MEX","791","Mexico","WLD"," World",1993,"Export",6,30832,"Railway vehicles/equipmt"
"S3","MEX","791","Mexico","WLD"," World",1993,"Import",5,52516,"Railway vehicles/equipmt"
"S3","MEX","791","Mexico","WLD"," World",2007,"Export",6,1179105.891,"Railway vehicles/equipmt"
"S3","MEX","791","Mexico","WLD"," World",2007,"Import",5,1026569.698,"Railway vehicles/equipmt"
"S3","MEX","792","Mexico","WLD"," World",1993,"Export",6,136176.992,"Aircraft/spacecraft/etc"
"S3","MEX","792","Mexico","WLD"," World",1993,"Import",5,366601.984,"Aircraft/spacecraft/etc"
"S3","MEX","792","Mexico","WLD"," World",2007,"Export",6,681037.726,"Aircraft/spacecraft/etc"
"S3","MEX","792","Mexico","WLD"," World",2007,"Import",5,725476.888,"Aircraft/spacecraft/etc"
"S3","MEX","793","Mexico","WLD"," World",1993,"Export",6,21526,"Ships/boats/etc"
"S3","MEX","793","Mexico","WLD"," World",1993,"Import",5,37158,"Ships/boats/etc"
"S3","MEX","793","Mexico","WLD"," World",2007,"Export",6,157488.377,"Ships/boats/etc"
"S3","MEX","793","Mexico","WLD"," World",2007,"Import",5,49028.456,"Ships/boats/etc"
"S3","MEX","811","Mexico","WLD"," World",1993,"Export",6,1431,"Prefabricated buildings"
"S3","MEX","811","Mexico","WLD"," World",1993,"Import",5,40505,"Prefabricated buildings"
"S3","MEX","811","Mexico","WLD"," World",2007,"Export",6,84074.669,"Prefabricated buildings"
"S3","MEX","811","Mexico","WLD"," World",2007,"Import",5,315054.784,"Prefabricated buildings"
"S3","MEX","812","Mexico","WLD"," World",1993,"Export",6,67595,"Sanitary/plumb/heat fixt"
"S3","MEX","812","Mexico","WLD"," World",1993,"Import",5,9589,"Sanitary/plumb/heat fixt"
"S3","MEX","812","Mexico","WLD"," World",2007,"Export",6,431712.057,"Sanitary/plumb/heat fixt"
"S3","MEX","812","Mexico","WLD"," World",2007,"Import",5,34033.949,"Sanitary/plumb/heat fixt"
"S3","MEX","813","Mexico","WLD"," World",1993,"Export",6,304560.992,"Lighting fixtures etc"
"S3","MEX","813","Mexico","WLD"," World",1993,"Import",5,111626,"Lighting fixtures etc"
"S3","MEX","813","Mexico","WLD"," World",2007,"Export",6,1094953.582,"Lighting fixtures etc"
"S3","MEX","813","Mexico","WLD"," World",2007,"Import",5,355715.034,"Lighting fixtures etc"
"S3","MEX","821","Mexico","WLD"," World",1993,"Export",6,649798.976,"Furniture/stuff furnishg"
"S3","MEX","821","Mexico","WLD"," World",1993,"Import",5,421000.992,"Furniture/stuff furnishg"
"S3","MEX","821","Mexico","WLD"," World",2007,"Export",6,4545390.901,"Furniture/stuff furnishg"
"S3","MEX","821","Mexico","WLD"," World",2007,"Import",5,1874269.623,"Furniture/stuff furnishg"
"S3","MEX","831","Mexico","WLD"," World",1993,"Export",6,104456,"Trunks and cases"
"S3","MEX","831","Mexico","WLD"," World",1993,"Import",5,66240,"Trunks and cases"
"S3","MEX","831","Mexico","WLD"," World",2007,"Export",6,93263.203,"Trunks and cases"
"S3","MEX","831","Mexico","WLD"," World",2007,"Import",5,363175.321,"Trunks and cases"
"S3","MEX","841","Mexico","WLD"," World",1993,"Export",6,313483.008,"Mens/boys wear, woven"
"S3","MEX","841","Mexico","WLD"," World",1993,"Import",5,356446.016,"Mens/boys wear, woven"
"S3","MEX","841","Mexico","WLD"," World",2007,"Export",6,1889999.529,"Mens/boys wear, woven"
"S3","MEX","841","Mexico","WLD"," World",2007,"Import",5,393185.178,"Mens/boys wear, woven"
"S3","MEX","842","Mexico","WLD"," World",1993,"Export",6,307400.992,"Women/girl clothing wven"
"S3","MEX","842","Mexico","WLD"," World",1993,"Import",5,343712,"Women/girl clothing wven"
"S3","MEX","842","Mexico","WLD"," World",2007,"Export",6,721358.38,"Women/girl clothing wven"
"S3","MEX","842","Mexico","WLD"," World",2007,"Import",5,450584.819,"Women/girl clothing wven"
"S3","MEX","843","Mexico","WLD"," World",1993,"Export",6,12343,"Men/boy wear knit/croch"
"S3","MEX","843","Mexico","WLD"," World",1993,"Import",5,34622,"Men/boy wear knit/croch"
"S3","MEX","843","Mexico","WLD"," World",2007,"Export",6,177605.511,"Men/boy wear knit/croch"
"S3","MEX","843","Mexico","WLD"," World",2007,"Import",5,127953.011,"Men/boy wear knit/croch"
"S3","MEX","844","Mexico","WLD"," World",1993,"Export",6,41606,"Women/girl wear knit/cro"
"S3","MEX","844","Mexico","WLD"," World",1993,"Import",5,39972,"Women/girl wear knit/cro"
"S3","MEX","844","Mexico","WLD"," World",2007,"Export",6,333270.773,"Women/girl wear knit/cro"
"S3","MEX","844","Mexico","WLD"," World",2007,"Import",5,243754.304,"Women/girl wear knit/cro"
"S3","MEX","845","Mexico","WLD"," World",1993,"Export",6,296878.016,"Articles of apparel nes"
"S3","MEX","845","Mexico","WLD"," World",1993,"Import",5,325019.008,"Articles of apparel nes"
"S3","MEX","845","Mexico","WLD"," World",2007,"Export",6,1619586.457,"Articles of apparel nes"
"S3","MEX","845","Mexico","WLD"," World",2007,"Import",5,851477.567,"Articles of apparel nes"
"S3","MEX","846","Mexico","WLD"," World",1993,"Export",6,26763,"Clothing accessories"
"S3","MEX","846","Mexico","WLD"," World",1993,"Import",5,87904,"Clothing accessories"
"S3","MEX","846","Mexico","WLD"," World",2007,"Export",6,257136.527,"Clothing accessories"
"S3","MEX","846","Mexico","WLD"," World",2007,"Import",5,210055.3,"Clothing accessories"
"S3","MEX","848","Mexico","WLD"," World",1993,"Export",6,186911.008,"Headgear/non-text clothg"
"S3","MEX","848","Mexico","WLD"," World",1993,"Import",5,114867,"Headgear/non-text clothg"
"S3","MEX","848","Mexico","WLD"," World",2007,"Export",6,123276.23,"Headgear/non-text clothg"
"S3","MEX","848","Mexico","WLD"," World",2007,"Import",5,182243.092,"Headgear/non-text clothg"
"S3","MEX","851","Mexico","WLD"," World",1993,"Export",6,252528.992,"Footwear"
"S3","MEX","851","Mexico","WLD"," World",1993,"Import",5,259148,"Footwear"
"S3","MEX","851","Mexico","WLD"," World",2007,"Export",6,341212.024,"Footwear"
"S3","MEX","851","Mexico","WLD"," World",2007,"Import",5,524308.807,"Footwear"
"S3","MEX","871","Mexico","WLD"," World",1993,"Export",6,21048,"Optical instruments nes"
"S3","MEX","871","Mexico","WLD"," World",1993,"Import",5,19685,"Optical instruments nes"
"S3","MEX","871","Mexico","WLD"," World",2007,"Export",6,44627.428,"Optical instruments nes"
"S3","MEX","871","Mexico","WLD"," World",2007,"Import",5,6096571.468,"Optical instruments nes"
"S3","MEX","872","Mexico","WLD"," World",1993,"Export",6,343004.992,"Medical/etc instruments"
"S3","MEX","872","Mexico","WLD"," World",1993,"Import",5,196962,"Medical/etc instruments"
"S3","MEX","872","Mexico","WLD"," World",2007,"Export",6,3724696.17,"Medical/etc instruments"
"S3","MEX","872","Mexico","WLD"," World",2007,"Import",5,1449501.019,"Medical/etc instruments"
"S3","MEX","873","Mexico","WLD"," World",1993,"Export",6,15676,"Meters and counters nes"
"S3","MEX","873","Mexico","WLD"," World",1993,"Import",5,81205,"Meters and counters nes"
"S3","MEX","873","Mexico","WLD"," World",2007,"Export",6,599268.581,"Meters and counters nes"
"S3","MEX","873","Mexico","WLD"," World",2007,"Import",5,267375.766,"Meters and counters nes"
"S3","MEX","874","Mexico","WLD"," World",1993,"Export",6,357408,"Measure/control app nes"
"S3","MEX","874","Mexico","WLD"," World",1993,"Import",5,906289.984,"Measure/control app nes"
"S3","MEX","874","Mexico","WLD"," World",2007,"Export",6,3233997.21,"Measure/control app nes"
"S3","MEX","874","Mexico","WLD"," World",2007,"Import",5,3697257.074,"Measure/control app nes"
"S3","MEX","881","Mexico","WLD"," World",1993,"Export",6,74468,"Photographic equipment"
"S3","MEX","881","Mexico","WLD"," World",1993,"Import",5,155544.992,"Photographic equipment"
"S3","MEX","881","Mexico","WLD"," World",2007,"Export",6,191278.351,"Photographic equipment"
"S3","MEX","881","Mexico","WLD"," World",2007,"Import",5,171521.166,"Photographic equipment"
"S3","MEX","882","Mexico","WLD"," World",1993,"Export",6,131982,"Photographic supplies"
"S3","MEX","882","Mexico","WLD"," World",1993,"Import",5,245274,"Photographic supplies"
"S3","MEX","882","Mexico","WLD"," World",2007,"Export",6,455454.625,"Photographic supplies"
"S3","MEX","882","Mexico","WLD"," World",2007,"Import",5,674475.059,"Photographic supplies"
"S3","MEX","883","Mexico","WLD"," World",1993,"Export",6,4152,"Cine fild developed"
"S3","MEX","883","Mexico","WLD"," World",1993,"Import",5,1745,"Cine fild developed"
"S3","MEX","883","Mexico","WLD"," World",2007,"Export",6,10266.694,"Cine fild developed"
"S3","MEX","883","Mexico","WLD"," World",2007,"Import",5,4587.631,"Cine fild developed"
"S3","MEX","884","Mexico","WLD"," World",1993,"Export",6,61769,"Optical fibres"
"S3","MEX","884","Mexico","WLD"," World",1993,"Import",5,114217,"Optical fibres"
"S3","MEX","884","Mexico","WLD"," World",2007,"Export",6,194713.588,"Optical fibres"
"S3","MEX","884","Mexico","WLD"," World",2007,"Import",5,453369.95,"Optical fibres"
"S3","MEX","885","Mexico","WLD"," World",1993,"Export",6,44558,"Watches and clocks"
"S3","MEX","885","Mexico","WLD"," World",1993,"Import",5,110418,"Watches and clocks"
"S3","MEX","885","Mexico","WLD"," World",2007,"Export",6,214908.832,"Watches and clocks"
"S3","MEX","885","Mexico","WLD"," World",2007,"Import",5,292595.432,"Watches and clocks"
"S3","MEX","891","Mexico","WLD"," World",1993,"Export",6,3140,"Arms and ammunition"
"S3","MEX","891","Mexico","WLD"," World",1993,"Import",5,13989,"Arms and ammunition"
"S3","MEX","891","Mexico","WLD"," World",2007,"Export",6,17589.741,"Arms and ammunition"
"S3","MEX","891","Mexico","WLD"," World",2007,"Import",5,47219.787,"Arms and ammunition"
"S3","MEX","892","Mexico","WLD"," World",1993,"Export",6,155596.992,"Printed matter"
"S3","MEX","892","Mexico","WLD"," World",1993,"Import",5,587318.976,"Printed matter"
"S3","MEX","892","Mexico","WLD"," World",2007,"Export",6,594072.695,"Printed matter"
"S3","MEX","892","Mexico","WLD"," World",2007,"Import",5,1151584.297,"Printed matter"
"S3","MEX","893","Mexico","WLD"," World",1993,"Export",6,725145.984,"Articles nes of plastics"
"S3","MEX","893","Mexico","WLD"," World",1993,"Import",5,1837822.976,"Articles nes of plastics"
"S3","MEX","893","Mexico","WLD"," World",2007,"Export",6,2533865.959,"Articles nes of plastics"
"S3","MEX","893","Mexico","WLD"," World",2007,"Import",5,5989200.416,"Articles nes of plastics"
"S3","MEX","894","Mexico","WLD"," World",1993,"Export",6,423358.016,"Baby carr/toy/game/sport"
"S3","MEX","894","Mexico","WLD"," World",1993,"Import",5,418830.016,"Baby carr/toy/game/sport"
"S3","MEX","894","Mexico","WLD"," World",2007,"Export",6,1459954.132,"Baby carr/toy/game/sport"
"S3","MEX","894","Mexico","WLD"," World",2007,"Import",5,2387061.849,"Baby carr/toy/game/sport"
"S3","MEX","895","Mexico","WLD"," World",1993,"Export",6,117500,"Office/stationery supply"
"S3","MEX","895","Mexico","WLD"," World",1993,"Import",5,167472,"Office/stationery supply"
"S3","MEX","895","Mexico","WLD"," World",2007,"Export",6,337312.779,"Office/stationery supply"
"S3","MEX","895","Mexico","WLD"," World",2007,"Import",5,422130.587,"Office/stationery supply"
"S3","MEX","896","Mexico","WLD"," World",1993,"Export",6,2997,"Art/collections/antiques"
"S3","MEX","896","Mexico","WLD"," World",1993,"Import",5,10902,"Art/collections/antiques"
"S3","MEX","896","Mexico","WLD"," World",2007,"Export",6,8172.203,"Art/collections/antiques"
"S3","MEX","896","Mexico","WLD"," World",2007,"Import",5,19682.426,"Art/collections/antiques"
"S3","MEX","897","Mexico","WLD"," World",1993,"Export",6,59009,"Jewellery"
"S3","MEX","897","Mexico","WLD"," World",1993,"Import",5,83254,"Jewellery"
"S3","MEX","897","Mexico","WLD"," World",2007,"Export",6,601333.276,"Jewellery"
"S3","MEX","897","Mexico","WLD"," World",2007,"Import",5,479390.726,"Jewellery"
"S3","MEX","898","Mexico","WLD"," World",1993,"Export",6,448207.008,"Musical instrums/records"
"S3","MEX","898","Mexico","WLD"," World",1993,"Import",5,503603.008,"Musical instrums/records"
"S3","MEX","898","Mexico","WLD"," World",2007,"Export",6,271329.504,"Musical instrums/records"
"S3","MEX","898","Mexico","WLD"," World",2007,"Import",5,438567.784,"Musical instrums/records"
"S3","MEX","899","Mexico","WLD"," World",1993,"Export",6,114919,"Misc manuf articles nes"
"S3","MEX","899","Mexico","WLD"," World",1993,"Import",5,197768,"Misc manuf articles nes"
"S3","MEX","899","Mexico","WLD"," World",2007,"Export",6,691823.074,"Misc manuf articles nes"
"S3","MEX","899","Mexico","WLD"," World",2007,"Import",5,616573.737,"Misc manuf articles nes"
"S3","MEX","931","Mexico","WLD"," World",1993,"Export",6,102909,"  UN Special Code"
"S3","MEX","931","Mexico","WLD"," World",1993,"Import",5,7503795.2,"  UN Special Code"
"S3","MEX","931","Mexico","WLD"," World",2007,"Export",6,9771584.007,"  UN Special Code"
"S3","MEX","931","Mexico","WLD"," World",2007,"Import",5,16502190.982,"  UN Special Code"
"S3","MEX","961","Mexico","WLD"," World",1993,"Export",6,7066,"Coin nongold non current"
"S3","MEX","961","Mexico","WLD"," World",1993,"Import",5,416,"Coin nongold non current"
"S3","MEX","961","Mexico","WLD"," World",2007,"Export",6,2790.065,"Coin nongold non current"
"S3","MEX","961","Mexico","WLD"," World",2007,"Import",5,16992.294,"Coin nongold non current"
"S3","MEX","971","Mexico","WLD"," World",1993,"Export",6,54501,"Gold non-monetary ex ore"
"S3","MEX","971","Mexico","WLD"," World",1993,"Import",5,84433,"Gold non-monetary ex ore"
"S3","MEX","971","Mexico","WLD"," World",2007,"Export",6,1629756.489,"Gold non-monetary ex ore"
"S3","MEX","971","Mexico","WLD"," World",2007,"Import",5,386529.617,"Gold non-monetary ex ore"
